{
	"credit": "Made with Blockbench",
	"textures": {
		"1": "block/cmodels/book2",
		"2": "block/cmodels/book1",
		"3": "block/cmodels/book4",
		"4": "block/cmodels/book5",
		"5": "block/cmodels/book6",
		"6": "block/cmodels/book7",
		"7": "block/cmodels/book8",
		"8": "block/cmodels/book9",
		"9": "block/dark_oak_planks",
		"10": "block/cmodels/book3side",
		"11": "block/oak_planks",
		"12": "block/cmodels/book10",
		"particle": "block/oak_planks"
	},
	"elements": [
		{
			"name": "bottom",
			"from": [0, 0, 0],
			"to": [16, 1, 16],
			"faces": {
				"north": {"uv": [0, 0, 16, 1], "texture": "#11"},
				"east": {"uv": [0, 0, 16, 1], "texture": "#11"},
				"south": {"uv": [0, 0, 16, 1], "texture": "#11"},
				"west": {"uv": [0, 0, 16, 1], "texture": "#11"},
				"up": {"uv": [0, 0, 16, 16], "texture": "#11"},
				"down": {"uv": [0, 0, 16, 16], "texture": "#11"}
			}
		},
		{
			"name": "center",
			"from": [3, 1, 3],
			"to": [13, 15, 13],
			"faces": {
				"north": {"uv": [0, 0, 16, 16], "texture": "#9"},
				"east": {"uv": [0, 0, 16, 16], "texture": "#9"},
				"south": {"uv": [0, 0, 16, 16], "texture": "#9"},
				"west": {"uv": [0, 0, 16, 16], "texture": "#9"},
				"up": {"uv": [0, 0, 1, 1], "texture": "#9"},
				"down": {"uv": [0, 0, 1, 1], "texture": "#missing"}
			}
		},
		{
			"name": "top",
			"from": [0, 15, 0],
			"to": [16, 16, 16],
			"faces": {
				"north": {"uv": [0, 0, 16, 1], "texture": "#11"},
				"east": {"uv": [0, 0, 16, 1], "texture": "#11"},
				"south": {"uv": [0, 0, 16, 1], "texture": "#11"},
				"west": {"uv": [0, 0, 16, 1], "texture": "#11"},
				"up": {"uv": [0, 0, 16, 16], "texture": "#11"},
				"down": {"uv": [0, 0, 16, 16], "texture": "#11"}
			}
		},
		{
			"name": "lineCenter",
			"from": [1, 7, 0],
			"to": [15, 8, 1],
			"faces": {
				"north": {"uv": [0, 0, 14, 1], "texture": "#11"},
				"east": {"uv": [0, 0, 1, 1], "texture": "#missing"},
				"south": {"uv": [0, 0, 14, 1], "texture": "#missing"},
				"west": {"uv": [0, 0, 1, 1], "texture": "#missing"},
				"up": {"uv": [0, 0, 14, 1], "texture": "#11"},
				"down": {"uv": [0, 0, 14, 1], "texture": "#11"}
			}
		},
		{
			"name": "lineCenter2",
			"from": [1, 7, 1],
			"to": [15, 8, 16],
			"faces": {
				"north": {"uv": [0, 0, 14, 1], "texture": "#missing"},
				"east": {"uv": [0, 0, 15, 1], "texture": "#missing"},
				"south": {"uv": [0, 0, 14, 1], "texture": "#11"},
				"west": {"uv": [0, 0, 15, 1], "texture": "#missing"},
				"up": {"uv": [0, 0, 14, 15], "texture": "#11"},
				"down": {"uv": [0, 0, 14, 15], "texture": "#11"}
			}
		},
		{
			"name": "lineCenter3",
			"from": [15, 7, 1],
			"to": [16, 8, 15],
			"faces": {
				"north": {"uv": [0, 0, 1, 1], "texture": "#missing"},
				"east": {"uv": [0, 0, 14, 1], "texture": "#11"},
				"south": {"uv": [0, 0, 1, 1], "texture": "#missing"},
				"west": {"uv": [0, 0, 14, 1], "texture": "#missing"},
				"up": {"uv": [0, 0, 1, 14], "texture": "#11"},
				"down": {"uv": [0, 0, 1, 14], "texture": "#11"}
			}
		},
		{
			"name": "lineCenter4",
			"from": [0, 7, 1],
			"to": [1, 8, 15],
			"faces": {
				"north": {"uv": [0, 0, 1, 1], "texture": "#missing"},
				"east": {"uv": [0, 0, 14, 1], "texture": "#missing"},
				"south": {"uv": [0, 0, 1, 1], "texture": "#missing"},
				"west": {"uv": [0, 0, 14, 1], "texture": "#11"},
				"up": {"uv": [0, 0, 1, 14], "texture": "#11"},
				"down": {"uv": [0, 0, 1, 14], "texture": "#11"}
			}
		},
		{
			"name": "vertice",
			"from": [0, 1, 0],
			"to": [1, 15, 1],
			"faces": {
				"north": {"uv": [0, 0, 1, 14], "texture": "#11"},
				"east": {"uv": [0, 0, 1, 14], "texture": "#11"},
				"south": {"uv": [0, 0, 1, 14], "texture": "#11"},
				"west": {"uv": [0, 0, 1, 14], "texture": "#11"},
				"up": {"uv": [0, 0, 1, 1], "texture": "#missing"},
				"down": {"uv": [0, 0, 1, 1], "texture": "#missing"}
			}
		},
		{
			"name": "vertice2",
			"from": [15, 1, 0],
			"to": [16, 15, 1],
			"faces": {
				"north": {"uv": [0, 0, 1, 14], "texture": "#11"},
				"east": {"uv": [0, 0, 1, 14], "texture": "#11"},
				"south": {"uv": [0, 0, 1, 14], "texture": "#11"},
				"west": {"uv": [0, 0, 1, 14], "texture": "#11"},
				"up": {"uv": [0, 0, 1, 1], "texture": "#missing"},
				"down": {"uv": [0, 0, 1, 1], "texture": "#missing"}
			}
		},
		{
			"name": "vertice3",
			"from": [15, 1, 15],
			"to": [16, 15, 16],
			"faces": {
				"north": {"uv": [0, 0, 1, 14], "texture": "#11"},
				"east": {"uv": [0, 0, 1, 14], "texture": "#11"},
				"south": {"uv": [0, 0, 1, 14], "texture": "#11"},
				"west": {"uv": [0, 0, 1, 14], "texture": "#11"},
				"up": {"uv": [0, 0, 1, 1], "texture": "#missing"},
				"down": {"uv": [0, 0, 1, 1], "texture": "#missing"}
			}
		},
		{
			"name": "vertice4",
			"from": [0, 1, 15],
			"to": [1, 15, 16],
			"faces": {
				"north": {"uv": [0, 0, 1, 14], "texture": "#11"},
				"east": {"uv": [0, 0, 1, 14], "texture": "#11"},
				"south": {"uv": [0, 0, 1, 14], "texture": "#11"},
				"west": {"uv": [0, 0, 1, 14], "texture": "#11"},
				"up": {"uv": [0, 0, 1, 1], "texture": "#missing"},
				"down": {"uv": [0, 0, 1, 1], "texture": "#missing"}
			}
		},
		{
			"name": "book2",
			"from": [4, 8, -1],
			"to": [5, 15, 4],
			"faces": {
				"north": {"uv": [14, 0, 16, 9], "texture": "#8"},
				"east": {"uv": [0, 0, 6, 9], "texture": "#8"},
				"south": {"uv": [11, 0, 13, 9], "texture": "#8"},
				"west": {"uv": [0, 0, 6, 9], "texture": "#8"},
				"up": {"uv": [0, 14, 6.5, 16], "rotation": 270, "texture": "#8"},
				"down": {"uv": [0, 14, 6.5, 16], "rotation": 90, "texture": "#8"}
			}
		},
		{
			"name": "book3",
			"from": [12, 1, -1],
			"to": [13, 6, 3],
			"rotation": {"angle": 0, "axis": "y", "origin": [8, 1, 8]},
			"faces": {
				"north": {"uv": [15, 11, 16, 16], "texture": "#7"},
				"east": {"uv": [12, 0, 16, 5], "texture": "#7"},
				"south": {"uv": [13, 11, 14, 16], "texture": "#7"},
				"west": {"uv": [12, 0, 16, 5], "texture": "#7"},
				"up": {"uv": [0, 0, 5, 1], "rotation": 90, "texture": "#7"},
				"down": {"uv": [0, 0, 5, 1], "rotation": 270, "texture": "#7"}
			}
		},
		{
			"name": "book4",
			"from": [9, 1, 0],
			"to": [10, 7, 3],
			"rotation": {"angle": 0, "axis": "y", "origin": [8, 1, 8]},
			"faces": {
				"north": {"uv": [13, 10, 14, 16], "texture": "#6"},
				"east": {"uv": [12, 0, 16, 7], "texture": "#6"},
				"south": {"uv": [15, 10, 16, 16], "texture": "#6"},
				"west": {"uv": [12, 0, 16, 7], "texture": "#6"},
				"up": {"uv": [0, 15, 3, 16], "rotation": 90, "texture": "#6"},
				"down": {"uv": [0, 15, 3, 16], "rotation": 270, "texture": "#6"}
			}
		},
		{
			"name": "book5",
			"from": [3, 1, -1],
			"to": [4, 7, 2],
			"rotation": {"angle": 0, "axis": "y", "origin": [8, 1, 8]},
			"faces": {
				"north": {"uv": [15, 10, 16, 16], "texture": "#4"},
				"east": {"uv": [0, 0, 3, 6], "texture": "#4"},
				"south": {"uv": [13, 10, 14, 16], "texture": "#4"},
				"west": {"uv": [0, 0, 3, 6], "texture": "#4"},
				"up": {"uv": [0, 15, 3, 16], "rotation": 90, "texture": "#4"},
				"down": {"uv": [0, 15, 3, 16], "rotation": 270, "texture": "#4"}
			}
		},
		{
			"name": "book6",
			"from": [13, 1, -1],
			"to": [14, 7, 3],
			"rotation": {"angle": 0, "axis": "y", "origin": [8, 1, 8]},
			"faces": {
				"north": {"uv": [14, 0, 16, 9], "texture": "#2"},
				"east": {"uv": [0, 0, 6, 9], "texture": "#2"},
				"south": {"uv": [11, 0, 13, 9], "texture": "#2"},
				"west": {"uv": [0, 0, 6, 9], "texture": "#2"},
				"up": {"uv": [0, 14, 6, 15.998], "rotation": 90, "texture": "#2"},
				"down": {"uv": [0, 14, 6, 15.952], "rotation": 270, "texture": "#2"}
			}
		},
		{
			"name": "book7",
			"from": [1, 1, 0],
			"to": [3, 7, 3],
			"rotation": {"angle": 0, "axis": "y", "origin": [8, 1, 8]},
			"faces": {
				"north": {"uv": [4.047, 11, 6.047, 16], "texture": "#3"},
				"east": {"uv": [0, 11.047, 3, 16], "texture": "#3"},
				"south": {"uv": [5.938, 11.047, 7.938, 16], "texture": "#3"},
				"west": {"uv": [0, 11.047, 3, 16], "texture": "#3"},
				"up": {"uv": [13.047, 0, 16, 2], "rotation": 90, "texture": "#3"},
				"down": {"uv": [13.047, 0, 16, 2], "rotation": 270, "texture": "#3"}
			}
		},
		{
			"name": "book8",
			"from": [6, 1, -1],
			"to": [8, 7, 3],
			"rotation": {"angle": 0, "axis": "y", "origin": [8, 1, 8]},
			"faces": {
				"north": {"uv": [9, 8, 12, 16], "texture": "#5"},
				"east": {"uv": [0, 0, 6, 8], "texture": "#5"},
				"south": {"uv": [13, 8, 16, 16], "texture": "#5"},
				"west": {"uv": [0, 0, 6, 8], "texture": "#5"},
				"up": {"uv": [0, 13, 6, 16], "rotation": 90, "texture": "#5"},
				"down": {"uv": [0, 13, 6, 16], "rotation": 270, "texture": "#5"}
			}
		},
		{
			"name": "book9",
			"from": [8, 1, -1],
			"to": [9, 7, 3],
			"rotation": {"angle": 0, "axis": "y", "origin": [8, 1, 8]},
			"faces": {
				"north": {"uv": [14, 0, 16, 9], "texture": "#1"},
				"east": {"uv": [0, 0, 6, 9], "texture": "#1"},
				"south": {"uv": [11, 0, 13, 9], "texture": "#1"},
				"west": {"uv": [0, 0, 6, 9], "texture": "#1"},
				"up": {"uv": [0, 14, 6, 16], "rotation": 90, "texture": "#1"},
				"down": {"uv": [0, 14, 6, 16], "rotation": 270, "texture": "#1"}
			}
		},
		{
			"name": "book10",
			"from": [10, 1, 0],
			"to": [11, 7, 3],
			"rotation": {"angle": 0, "axis": "y", "origin": [8, 1, 8]},
			"faces": {
				"north": {"uv": [14, 7.016, 16, 14.016], "texture": "#10"},
				"east": {"uv": [0, 0.047, 4.203, 7], "texture": "#10"},
				"south": {"uv": [11.938, 7.032, 13.938, 14.032], "texture": "#10"},
				"west": {"uv": [0, 0.094, 4.094, 7], "texture": "#10"},
				"up": {"uv": [0, 7.235, 4.235, 9.187], "rotation": 90, "texture": "#10"},
				"down": {"uv": [0, 7.235, 4.235, 9.187], "rotation": 270, "texture": "#10"}
			}
		},
		{
			"name": "book11",
			"from": [4, 1, 0],
			"to": [6, 6, 3],
			"rotation": {"angle": 0, "axis": "y", "origin": [8, 1, 8]},
			"faces": {
				"north": {"uv": [4, 11, 6, 16], "texture": "#3"},
				"east": {"uv": [0, 11, 3, 16], "texture": "#3"},
				"south": {"uv": [6, 11, 8, 16], "texture": "#3"},
				"west": {"uv": [0, 11, 3, 16], "texture": "#3"},
				"up": {"uv": [13, 0, 16, 2], "rotation": 90, "texture": "#3"},
				"down": {"uv": [13, 0, 16, 2], "rotation": 270, "texture": "#3"}
			}
		},
		{
			"name": "book12",
			"from": [1, 8, -1],
			"to": [3, 15, 3],
			"rotation": {"angle": 0, "axis": "y", "origin": [8, 1, 8]},
			"faces": {
				"north": {"uv": [9, 8, 12, 16], "texture": "#5"},
				"east": {"uv": [0, 0, 6, 8], "texture": "#5"},
				"south": {"uv": [13, 8, 16, 16], "texture": "#5"},
				"west": {"uv": [0, 0, 6, 8], "texture": "#5"},
				"up": {"uv": [0, 13, 6, 16], "rotation": 90, "texture": "#5"},
				"down": {"uv": [0, 13, 6, 16], "rotation": 270, "texture": "#5"}
			}
		},
		{
			"name": "book13",
			"from": [5, 8, 0],
			"to": [6, 14, 3],
			"rotation": {"angle": 0, "axis": "y", "origin": [8, 1, 8]},
			"faces": {
				"north": {"uv": [13, 10, 14, 16], "texture": "#6"},
				"east": {"uv": [12, 0, 16, 7], "texture": "#6"},
				"south": {"uv": [15, 10, 16, 16], "texture": "#6"},
				"west": {"uv": [12, 0, 16, 7], "texture": "#6"},
				"up": {"uv": [0, 15, 3, 16], "rotation": 90, "texture": "#6"},
				"down": {"uv": [0, 15, 3, 16], "rotation": 270, "texture": "#6"}
			}
		},
		{
			"name": "book14",
			"from": [6, 8, -1],
			"to": [7, 13, 3],
			"rotation": {"angle": 0, "axis": "y", "origin": [8, 1, 8]},
			"faces": {
				"north": {"uv": [15, 11, 16, 16], "texture": "#7"},
				"east": {"uv": [12, 0, 16, 5], "texture": "#7"},
				"south": {"uv": [13, 11, 14, 16], "texture": "#7"},
				"west": {"uv": [12, 0, 16, 5], "texture": "#7"},
				"up": {"uv": [0, 0, 5, 1], "rotation": 90, "texture": "#7"},
				"down": {"uv": [0, 0, 5, 1], "rotation": 270, "texture": "#7"}
			}
		},
		{
			"name": "book15",
			"from": [7, 8, 0],
			"to": [8, 14, 3],
			"rotation": {"angle": -45, "axis": "z", "origin": [8, 8, 8]},
			"faces": {
				"north": {"uv": [0, 0, 2, 11], "texture": "#12"},
				"east": {"uv": [10, 0, 16, 11], "texture": "#12"},
				"south": {"uv": [3, 0, 5, 11], "texture": "#12"},
				"west": {"uv": [10, 0, 16, 11], "texture": "#12"},
				"up": {"uv": [7.3126, 10.141, 9.3126, 16], "texture": "#12"},
				"down": {"uv": [7.3126, 10.141, 9.3126, 16], "texture": "#12"}
			}
		},
		{
			"name": "book16",
			"from": [12, 8, -1],
			"to": [13, 14, 3],
			"rotation": {"angle": 0, "axis": "y", "origin": [8, 1, 8]},
			"faces": {
				"north": {"uv": [14, 7.016, 16, 14.016], "texture": "#10"},
				"east": {"uv": [0, 0.047, 4.203, 7], "texture": "#10"},
				"south": {"uv": [11.938, 7.032, 13.938, 14.032], "texture": "#10"},
				"west": {"uv": [0, 0.094, 4.094, 7], "texture": "#10"},
				"up": {"uv": [0, 7.235, 4.235, 9.187], "rotation": 90, "texture": "#10"},
				"down": {"uv": [0, 7.235, 4.235, 9.187], "rotation": 270, "texture": "#10"}
			}
		},
		{
			"name": "book17",
			"from": [13, 8, -1],
			"to": [14, 15, 3],
			"faces": {
				"north": {"uv": [14, 0, 16, 9], "texture": "#8"},
				"east": {"uv": [0, 0, 6, 9], "texture": "#8"},
				"south": {"uv": [11, 0, 13, 9], "texture": "#8"},
				"west": {"uv": [0, 0, 6, 9], "texture": "#8"},
				"up": {"uv": [0, 14, 6.5, 16], "rotation": 270, "texture": "#8"},
				"down": {"uv": [0, 14, 6.5, 16], "rotation": 90, "texture": "#8"}
			}
		},
		{
			"name": "book3",
			"from": [-1, 8, 11],
			"to": [4, 15, 12],
			"faces": {
				"north": {"uv": [0, 0, 6, 9], "texture": "#8"},
				"east": {"uv": [11, 0, 13, 9], "texture": "#8"},
				"south": {"uv": [0, 0, 6, 9], "texture": "#8"},
				"west": {"uv": [14, 0, 16, 9], "texture": "#8"},
				"up": {"uv": [0, 14, 6.5, 16], "rotation": 180, "texture": "#8"},
				"down": {"uv": [0, 14, 6.5, 16], "rotation": 180, "texture": "#8"}
			}
		},
		{
			"name": "book4",
			"from": [-1, 1, 4],
			"to": [3, 6, 5],
			"faces": {
				"north": {"uv": [12, 0, 16, 5], "texture": "#7"},
				"east": {"uv": [13, 11, 14, 16], "texture": "#7"},
				"south": {"uv": [12, 0, 16, 5], "texture": "#7"},
				"west": {"uv": [15, 11, 16, 16], "texture": "#7"},
				"up": {"uv": [0, 0, 5, 1], "texture": "#7"},
				"down": {"uv": [0, 0, 5, 1], "texture": "#7"}
			}
		},
		{
			"name": "book5",
			"from": [0, 1, 6],
			"to": [3, 7, 7],
			"faces": {
				"north": {"uv": [12, 0, 16, 7], "texture": "#6"},
				"east": {"uv": [15, 10, 16, 16], "texture": "#6"},
				"south": {"uv": [12, 0, 16, 7], "texture": "#6"},
				"west": {"uv": [13, 10, 14, 16], "texture": "#6"},
				"up": {"uv": [0, 15, 3, 16], "texture": "#6"},
				"down": {"uv": [0, 15, 3, 16], "texture": "#6"}
			}
		},
		{
			"name": "book6",
			"from": [-1, 1, 12],
			"to": [2, 7, 13],
			"faces": {
				"north": {"uv": [0, 0, 3, 6], "texture": "#4"},
				"east": {"uv": [13, 10, 14, 16], "texture": "#4"},
				"south": {"uv": [0, 0, 3, 6], "texture": "#4"},
				"west": {"uv": [15, 10, 16, 16], "texture": "#4"},
				"up": {"uv": [0, 15, 3, 16], "texture": "#4"},
				"down": {"uv": [0, 15, 3, 16], "texture": "#4"}
			}
		},
		{
			"name": "book7",
			"from": [-1, 1, 3],
			"to": [3, 7, 4],
			"faces": {
				"north": {"uv": [0, 0, 6, 9], "texture": "#2"},
				"east": {"uv": [11, 0, 13, 9], "texture": "#2"},
				"south": {"uv": [0, 0, 6, 9], "texture": "#2"},
				"west": {"uv": [14, 0, 16, 9], "texture": "#2"},
				"up": {"uv": [0, 14, 6, 15.998], "texture": "#2"},
				"down": {"uv": [0, 14, 6, 15.952], "texture": "#2"}
			}
		},
		{
			"name": "book8",
			"from": [0, 1, 13],
			"to": [3, 7, 15],
			"faces": {
				"north": {"uv": [0, 11.047, 3, 16], "texture": "#3"},
				"east": {"uv": [5.938, 11.047, 7.938, 16], "texture": "#3"},
				"south": {"uv": [0, 11.047, 3, 16], "texture": "#3"},
				"west": {"uv": [4.047, 11, 6.047, 16], "texture": "#3"},
				"up": {"uv": [13.047, 0, 16, 2], "texture": "#3"},
				"down": {"uv": [13.047, 0, 16, 2], "texture": "#3"}
			}
		},
		{
			"name": "book9",
			"from": [-1, 1, 8],
			"to": [3, 7, 10],
			"faces": {
				"north": {"uv": [0, 0, 6, 8], "texture": "#5"},
				"east": {"uv": [13, 8, 16, 16], "texture": "#5"},
				"south": {"uv": [0, 0, 6, 8], "texture": "#5"},
				"west": {"uv": [9, 8, 12, 16], "texture": "#5"},
				"up": {"uv": [0, 13, 6, 16], "texture": "#5"},
				"down": {"uv": [0, 13, 6, 16], "texture": "#5"}
			}
		},
		{
			"name": "book10",
			"from": [-1, 1, 7],
			"to": [3, 7, 8],
			"faces": {
				"north": {"uv": [0, 0, 6, 9], "texture": "#1"},
				"east": {"uv": [11, 0, 13, 9], "texture": "#1"},
				"south": {"uv": [0, 0, 6, 9], "texture": "#1"},
				"west": {"uv": [14, 0, 16, 9], "texture": "#1"},
				"up": {"uv": [0, 14, 6, 16], "texture": "#1"},
				"down": {"uv": [0, 14, 6, 16], "texture": "#1"}
			}
		},
		{
			"name": "book11",
			"from": [0, 1, 5],
			"to": [3, 7, 6],
			"faces": {
				"north": {"uv": [0, 0.047, 4.203, 7], "texture": "#10"},
				"east": {"uv": [11.938, 7.032, 13.938, 14.032], "texture": "#10"},
				"south": {"uv": [0, 0.094, 4.094, 7], "texture": "#10"},
				"west": {"uv": [14, 7.016, 16, 14.016], "texture": "#10"},
				"up": {"uv": [0, 7.235, 4.235, 9.187], "texture": "#10"},
				"down": {"uv": [0, 7.235, 4.235, 9.187], "texture": "#10"}
			}
		},
		{
			"name": "book12",
			"from": [0, 1, 10],
			"to": [3, 6, 12],
			"faces": {
				"north": {"uv": [0, 11, 3, 16], "texture": "#3"},
				"east": {"uv": [6, 11, 8, 16], "texture": "#3"},
				"south": {"uv": [0, 11, 3, 16], "texture": "#3"},
				"west": {"uv": [4, 11, 6, 16], "texture": "#3"},
				"up": {"uv": [13, 0, 16, 2], "texture": "#3"},
				"down": {"uv": [13, 0, 16, 2], "texture": "#3"}
			}
		},
		{
			"name": "book13",
			"from": [-1, 8, 13],
			"to": [2, 15, 15],
			"faces": {
				"north": {"uv": [0, 0, 6, 8], "texture": "#5"},
				"east": {"uv": [13, 8, 16, 16], "texture": "#5"},
				"south": {"uv": [0, 0, 6, 8], "texture": "#5"},
				"west": {"uv": [9, 8, 12, 16], "texture": "#5"},
				"up": {"uv": [0, 13, 6, 16], "texture": "#5"},
				"down": {"uv": [0, 13, 6, 16], "texture": "#5"}
			}
		},
		{
			"name": "book14",
			"from": [0, 8, 10],
			"to": [3, 14, 11],
			"faces": {
				"north": {"uv": [12, 0, 16, 7], "texture": "#6"},
				"east": {"uv": [15, 10, 16, 16], "texture": "#6"},
				"south": {"uv": [12, 0, 16, 7], "texture": "#6"},
				"west": {"uv": [13, 10, 14, 16], "texture": "#6"},
				"up": {"uv": [0, 15, 3, 16], "texture": "#6"},
				"down": {"uv": [0, 15, 3, 16], "texture": "#6"}
			}
		},
		{
			"name": "book15",
			"from": [-1, 8, 9],
			"to": [3, 13, 10],
			"faces": {
				"north": {"uv": [12, 0, 16, 5], "texture": "#7"},
				"east": {"uv": [13, 11, 14, 16], "texture": "#7"},
				"south": {"uv": [12, 0, 16, 5], "texture": "#7"},
				"west": {"uv": [15, 11, 16, 16], "texture": "#7"},
				"up": {"uv": [0, 0, 5, 1], "texture": "#7"},
				"down": {"uv": [0, 0, 5, 1], "texture": "#7"}
			}
		},
		{
			"name": "book16",
			"from": [0, 8, 8],
			"to": [3, 14, 9],
			"faces": {
				"north": {"uv": [10, 0, 16, 11], "texture": "#12"},
				"east": {"uv": [3, 0, 5, 11], "texture": "#12"},
				"south": {"uv": [10, 0, 16, 11], "texture": "#12"},
				"west": {"uv": [0, 0, 2, 11], "texture": "#12"},
				"up": {"uv": [7.3126, 10.141, 9.3126, 16], "rotation": 270, "texture": "#12"},
				"down": {"uv": [7.3126, 10.141, 9.3126, 16], "rotation": 90, "texture": "#12"}
			}
		},
		{
			"name": "book17",
			"from": [-1, 8, 5],
			"to": [3, 14, 6],
			"faces": {
				"north": {"uv": [0, 0.047, 4.203, 7], "texture": "#10"},
				"east": {"uv": [11.938, 7.032, 13.938, 14.032], "texture": "#10"},
				"south": {"uv": [0, 0.094, 4.094, 7], "texture": "#10"},
				"west": {"uv": [14, 7.016, 16, 14.016], "texture": "#10"},
				"up": {"uv": [0, 7.235, 4.235, 9.187], "texture": "#10"},
				"down": {"uv": [0, 7.235, 4.235, 9.187], "texture": "#10"}
			}
		},
		{
			"name": "book18",
			"from": [0, 8, 3],
			"to": [3, 15, 4],
			"faces": {
				"north": {"uv": [0, 0, 6, 9], "texture": "#8"},
				"east": {"uv": [11, 0, 13, 9], "texture": "#8"},
				"south": {"uv": [0, 0, 6, 9], "texture": "#8"},
				"west": {"uv": [14, 0, 16, 9], "texture": "#8"},
				"up": {"uv": [0, 14, 6.5, 16], "rotation": 180, "texture": "#8"},
				"down": {"uv": [0, 14, 6.5, 16], "rotation": 180, "texture": "#8"}
			}
		},
		{
			"name": "book19",
			"from": [0, 8, 6],
			"to": [3, 13, 8],
			"faces": {
				"north": {"uv": [0, 11, 3, 16], "texture": "#3"},
				"east": {"uv": [6, 11, 8, 16], "texture": "#3"},
				"south": {"uv": [0, 11, 3, 16], "texture": "#3"},
				"west": {"uv": [4, 11, 6, 16], "texture": "#3"},
				"up": {"uv": [13, 0, 16, 2], "texture": "#3"},
				"down": {"uv": [13, 0, 16, 2], "texture": "#3"}
			}
		},
		{
			"name": "book4",
			"from": [11, 1, 12],
			"to": [12, 7, 17],
			"rotation": {"angle": 0, "axis": "y", "origin": [8, 1, 8]},
			"faces": {
				"north": {"uv": [11, 0, 13, 9], "texture": "#8"},
				"east": {"uv": [0, 0, 6, 9], "texture": "#8"},
				"south": {"uv": [14, 0, 16, 9], "texture": "#8"},
				"west": {"uv": [0, 0, 6, 9], "texture": "#8"},
				"up": {"uv": [0, 14, 6.5, 16], "rotation": 90, "texture": "#8"},
				"down": {"uv": [0, 14, 6.5, 16], "rotation": 270, "texture": "#8"}
			}
		},
		{
			"name": "book5",
			"from": [4, 8, 13],
			"to": [5, 13, 17],
			"rotation": {"angle": 0, "axis": "y", "origin": [8, 15, 8]},
			"faces": {
				"north": {"uv": [13, 11, 14, 16], "texture": "#7"},
				"east": {"uv": [12, 0, 16, 5], "texture": "#7"},
				"south": {"uv": [15, 11, 16, 16], "texture": "#7"},
				"west": {"uv": [12, 0, 16, 5], "texture": "#7"},
				"up": {"uv": [0, 0, 5, 1], "rotation": 270, "texture": "#7"},
				"down": {"uv": [0, 0, 5, 1], "rotation": 90, "texture": "#7"}
			}
		},
		{
			"name": "book6",
			"from": [6, 8, 13],
			"to": [7, 15, 16],
			"rotation": {"angle": 0, "axis": "y", "origin": [8, 15, 8]},
			"faces": {
				"north": {"uv": [15, 10, 16, 16], "texture": "#6"},
				"east": {"uv": [12, 0, 16, 7], "texture": "#6"},
				"south": {"uv": [13, 10, 14, 16], "texture": "#6"},
				"west": {"uv": [12, 0, 16, 7], "texture": "#6"},
				"up": {"uv": [0, 15, 3, 16], "rotation": 270, "texture": "#6"},
				"down": {"uv": [0, 15, 3, 16], "rotation": 90, "texture": "#6"}
			}
		},
		{
			"name": "book7",
			"from": [12, 8, 14],
			"to": [13, 14, 17],
			"rotation": {"angle": 0, "axis": "y", "origin": [8, 15, 8]},
			"faces": {
				"north": {"uv": [13, 10, 14, 16], "texture": "#4"},
				"east": {"uv": [0, 0, 3, 6], "texture": "#4"},
				"south": {"uv": [15, 10, 16, 16], "texture": "#4"},
				"west": {"uv": [0, 0, 3, 6], "texture": "#4"},
				"up": {"uv": [0, 15, 3, 16], "rotation": 270, "texture": "#4"},
				"down": {"uv": [0, 15, 3, 16], "rotation": 90, "texture": "#4"}
			}
		},
		{
			"name": "book8",
			"from": [2, 8, 13],
			"to": [3, 14, 17],
			"rotation": {"angle": 0, "axis": "y", "origin": [8, 15, 8]},
			"faces": {
				"north": {"uv": [11, 0, 13, 9], "texture": "#2"},
				"east": {"uv": [0, 0, 6, 9], "texture": "#2"},
				"south": {"uv": [14, 0, 16, 9], "texture": "#2"},
				"west": {"uv": [0, 0, 6, 9], "texture": "#2"},
				"up": {"uv": [0, 14, 6, 15.998], "rotation": 270, "texture": "#2"},
				"down": {"uv": [0, 14, 6, 15.952], "rotation": 90, "texture": "#2"}
			}
		},
		{
			"name": "book9",
			"from": [13, 8, 13],
			"to": [15, 15, 16],
			"rotation": {"angle": 0, "axis": "y", "origin": [8, 15, 8]},
			"faces": {
				"north": {"uv": [5.938, 11.047, 7.938, 16], "texture": "#3"},
				"east": {"uv": [0, 11.047, 3, 16], "texture": "#3"},
				"south": {"uv": [4.047, 11, 6.047, 16], "texture": "#3"},
				"west": {"uv": [0, 11.047, 3, 16], "texture": "#3"},
				"up": {"uv": [13.047, 0, 16, 2], "rotation": 270, "texture": "#3"},
				"down": {"uv": [13.047, 0, 16, 2], "rotation": 90, "texture": "#3"}
			}
		},
		{
			"name": "book10",
			"from": [8, 8, 13],
			"to": [10, 14, 17],
			"rotation": {"angle": 0, "axis": "y", "origin": [8, 15, 8]},
			"faces": {
				"north": {"uv": [13, 8, 16, 16], "texture": "#5"},
				"east": {"uv": [0, 0, 6, 8], "texture": "#5"},
				"south": {"uv": [9, 8, 12, 16], "texture": "#5"},
				"west": {"uv": [0, 0, 6, 8], "texture": "#5"},
				"up": {"uv": [0, 13, 6, 16], "rotation": 270, "texture": "#5"},
				"down": {"uv": [0, 13, 6, 16], "rotation": 90, "texture": "#5"}
			}
		},
		{
			"name": "book11",
			"from": [7, 8, 13],
			"to": [8, 14, 17],
			"rotation": {"angle": 0, "axis": "y", "origin": [8, 15, 8]},
			"faces": {
				"north": {"uv": [11, 0, 13, 9], "texture": "#1"},
				"east": {"uv": [0, 0, 6, 9], "texture": "#1"},
				"south": {"uv": [14, 0, 16, 9], "texture": "#1"},
				"west": {"uv": [0, 0, 6, 9], "texture": "#1"},
				"up": {"uv": [0, 14, 6, 16], "rotation": 270, "texture": "#1"},
				"down": {"uv": [0, 14, 6, 16], "rotation": 90, "texture": "#1"}
			}
		},
		{
			"name": "book12",
			"from": [5, 8, 13],
			"to": [6, 14, 16],
			"rotation": {"angle": 0, "axis": "y", "origin": [8, 15, 8]},
			"faces": {
				"north": {"uv": [11.938, 7.032, 13.938, 14.032], "texture": "#10"},
				"east": {"uv": [0, 0.094, 4.094, 7], "texture": "#10"},
				"south": {"uv": [14, 7.016, 16, 14.016], "texture": "#10"},
				"west": {"uv": [0, 0.047, 4.203, 7], "texture": "#10"},
				"up": {"uv": [0, 7.235, 4.235, 9.187], "rotation": 270, "texture": "#10"},
				"down": {"uv": [0, 7.235, 4.235, 9.187], "rotation": 90, "texture": "#10"}
			}
		},
		{
			"name": "book13",
			"from": [10, 8, 13],
			"to": [12, 13, 16],
			"rotation": {"angle": 0, "axis": "y", "origin": [8, 15, 8]},
			"faces": {
				"north": {"uv": [6, 11, 8, 16], "texture": "#3"},
				"east": {"uv": [0, 11, 3, 16], "texture": "#3"},
				"south": {"uv": [4, 11, 6, 16], "texture": "#3"},
				"west": {"uv": [0, 11, 3, 16], "texture": "#3"},
				"up": {"uv": [13, 0, 16, 2], "rotation": 270, "texture": "#3"},
				"down": {"uv": [13, 0, 16, 2], "rotation": 90, "texture": "#3"}
			}
		},
		{
			"name": "book14",
			"from": [13, 1, 13],
			"to": [15, 7, 17],
			"rotation": {"angle": 0, "axis": "y", "origin": [8, 1, 8]},
			"faces": {
				"north": {"uv": [13, 8, 16, 16], "texture": "#5"},
				"east": {"uv": [0, 0, 6, 8], "texture": "#5"},
				"south": {"uv": [9, 8, 12, 16], "texture": "#5"},
				"west": {"uv": [0, 0, 6, 8], "texture": "#5"},
				"up": {"uv": [0, 13, 6, 16], "rotation": 270, "texture": "#5"},
				"down": {"uv": [0, 13, 6, 16], "rotation": 90, "texture": "#5"}
			}
		},
		{
			"name": "book15",
			"from": [10, 1, 13],
			"to": [11, 6, 16],
			"rotation": {"angle": 0, "axis": "y", "origin": [8, 1, 8]},
			"faces": {
				"north": {"uv": [15, 10, 16, 16], "texture": "#6"},
				"east": {"uv": [12, 0, 16, 7], "texture": "#6"},
				"south": {"uv": [13, 10, 14, 16], "texture": "#6"},
				"west": {"uv": [12, 0, 16, 7], "texture": "#6"},
				"up": {"uv": [0, 15, 3, 16], "rotation": 270, "texture": "#6"},
				"down": {"uv": [0, 15, 3, 16], "rotation": 90, "texture": "#6"}
			}
		},
		{
			"name": "book16",
			"from": [9, 1, 13],
			"to": [10, 5, 17],
			"rotation": {"angle": 0, "axis": "y", "origin": [8, 1, 8]},
			"faces": {
				"north": {"uv": [13, 11, 14, 16], "texture": "#7"},
				"east": {"uv": [12, 0, 16, 5], "texture": "#7"},
				"south": {"uv": [15, 11, 16, 16], "texture": "#7"},
				"west": {"uv": [12, 0, 16, 5], "texture": "#7"},
				"up": {"uv": [0, 0, 5, 1], "rotation": 270, "texture": "#7"},
				"down": {"uv": [0, 0, 5, 1], "rotation": 90, "texture": "#7"}
			}
		},
		{
			"name": "book17",
			"from": [8, 1, 13],
			"to": [9, 6, 16],
			"rotation": {"angle": 0, "axis": "y", "origin": [8, 1, 8]},
			"faces": {
				"north": {"uv": [3, 0, 5, 11], "texture": "#12"},
				"east": {"uv": [10, 0, 16, 11], "texture": "#12"},
				"south": {"uv": [0, 0, 2, 11], "texture": "#12"},
				"west": {"uv": [10, 0, 16, 11], "texture": "#12"},
				"up": {"uv": [7.3126, 10.141, 9.3126, 16], "rotation": 180, "texture": "#12"},
				"down": {"uv": [7.3126, 10.141, 9.3126, 16], "rotation": 180, "texture": "#12"}
			}
		},
		{
			"name": "book18",
			"from": [5, 1, 13],
			"to": [6, 6, 17],
			"rotation": {"angle": 0, "axis": "y", "origin": [8, 1, 8]},
			"faces": {
				"north": {"uv": [11.938, 7.032, 13.938, 14.032], "texture": "#10"},
				"east": {"uv": [0, 0.094, 4.094, 7], "texture": "#10"},
				"south": {"uv": [14, 7.016, 16, 14.016], "texture": "#10"},
				"west": {"uv": [0, 0.047, 4.203, 7], "texture": "#10"},
				"up": {"uv": [0, 7.235, 4.235, 9.187], "rotation": 270, "texture": "#10"},
				"down": {"uv": [0, 7.235, 4.235, 9.187], "rotation": 90, "texture": "#10"}
			}
		},
		{
			"name": "book19",
			"from": [3, 1, 13],
			"to": [4, 7, 17],
			"rotation": {"angle": 0, "axis": "y", "origin": [8, 1, 8]},
			"faces": {
				"north": {"uv": [11, 0, 13, 9], "texture": "#8"},
				"east": {"uv": [0, 0, 6, 9], "texture": "#8"},
				"south": {"uv": [14, 0, 16, 9], "texture": "#8"},
				"west": {"uv": [0, 0, 6, 9], "texture": "#8"},
				"up": {"uv": [0, 14, 6.5, 16], "rotation": 90, "texture": "#8"},
				"down": {"uv": [0, 14, 6.5, 16], "rotation": 270, "texture": "#8"}
			}
		},
		{
			"name": "book20",
			"from": [6, 1, 13],
			"to": [8, 5, 16],
			"rotation": {"angle": 0, "axis": "y", "origin": [8, 1, 8]},
			"faces": {
				"north": {"uv": [6, 11, 8, 16], "texture": "#3"},
				"east": {"uv": [0, 11, 3, 16], "texture": "#3"},
				"south": {"uv": [4, 11, 6, 16], "texture": "#3"},
				"west": {"uv": [0, 11, 3, 16], "texture": "#3"},
				"up": {"uv": [13, 0, 16, 2], "rotation": 270, "texture": "#3"},
				"down": {"uv": [13, 0, 16, 2], "rotation": 90, "texture": "#3"}
			}
		},
		{
			"name": "book5",
			"from": [12, 1, 11],
			"to": [17, 7, 12],
			"rotation": {"angle": 0, "axis": "y", "origin": [8, 1, 8]},
			"faces": {
				"north": {"uv": [0, 0, 6, 9], "texture": "#8"},
				"east": {"uv": [14, 0, 16, 9], "texture": "#8"},
				"south": {"uv": [0, 0, 6, 9], "texture": "#8"},
				"west": {"uv": [11, 0, 13, 9], "texture": "#8"},
				"up": {"uv": [0, 14, 6.5, 16], "texture": "#8"},
				"down": {"uv": [0, 14, 6.5, 16], "texture": "#8"}
			}
		},
		{
			"name": "book6",
			"from": [13, 8, 11],
			"to": [17, 13, 12],
			"rotation": {"angle": 0, "axis": "y", "origin": [8, 1, 8]},
			"faces": {
				"north": {"uv": [12, 0, 16, 5], "texture": "#7"},
				"east": {"uv": [15, 11, 16, 16], "texture": "#7"},
				"south": {"uv": [12, 0, 16, 5], "texture": "#7"},
				"west": {"uv": [13, 11, 14, 16], "texture": "#7"},
				"up": {"uv": [0, 0, 5, 1], "rotation": 180, "texture": "#7"},
				"down": {"uv": [0, 0, 5, 1], "rotation": 180, "texture": "#7"}
			}
		},
		{
			"name": "book7",
			"from": [13, 8, 9],
			"to": [16, 15, 10],
			"rotation": {"angle": 0, "axis": "y", "origin": [8, 1, 8]},
			"faces": {
				"north": {"uv": [12, 0, 16, 7], "texture": "#6"},
				"east": {"uv": [13, 10, 14, 16], "texture": "#6"},
				"south": {"uv": [12, 0, 16, 7], "texture": "#6"},
				"west": {"uv": [15, 10, 16, 16], "texture": "#6"},
				"up": {"uv": [0, 15, 3, 16], "rotation": 180, "texture": "#6"},
				"down": {"uv": [0, 15, 3, 16], "rotation": 180, "texture": "#6"}
			}
		},
		{
			"name": "book8",
			"from": [14, 8, 3],
			"to": [17, 14, 4],
			"rotation": {"angle": 0, "axis": "y", "origin": [8, 1, 8]},
			"faces": {
				"north": {"uv": [0, 0, 3, 6], "texture": "#4"},
				"east": {"uv": [15, 10, 16, 16], "texture": "#4"},
				"south": {"uv": [0, 0, 3, 6], "texture": "#4"},
				"west": {"uv": [13, 10, 14, 16], "texture": "#4"},
				"up": {"uv": [0, 15, 3, 16], "rotation": 180, "texture": "#4"},
				"down": {"uv": [0, 15, 3, 16], "rotation": 180, "texture": "#4"}
			}
		},
		{
			"name": "book9",
			"from": [14, 8, 6],
			"to": [17, 14, 7],
			"rotation": {"angle": 0, "axis": "y", "origin": [8, 1, 8]},
			"faces": {
				"north": {"uv": [0, 0, 6, 9], "texture": "#2"},
				"east": {"uv": [14, 0, 16, 9], "texture": "#2"},
				"south": {"uv": [0, 0, 6, 9], "texture": "#2"},
				"west": {"uv": [11, 0, 13, 9], "texture": "#2"},
				"up": {"uv": [0, 14, 6, 15.998], "rotation": 180, "texture": "#2"},
				"down": {"uv": [0, 14, 6, 15.952], "rotation": 180, "texture": "#2"}
			}
		},
		{
			"name": "book10",
			"from": [14, 8, 1],
			"to": [16, 15, 3],
			"rotation": {"angle": 0, "axis": "y", "origin": [8, 1, 8]},
			"faces": {
				"north": {"uv": [0, 11.047, 3, 16], "texture": "#3"},
				"east": {"uv": [4.047, 11, 6.047, 16], "texture": "#3"},
				"south": {"uv": [0, 11.047, 3, 16], "texture": "#3"},
				"west": {"uv": [5.938, 11.047, 7.938, 16], "texture": "#3"},
				"up": {"uv": [13.047, 0, 16, 2], "rotation": 180, "texture": "#3"},
				"down": {"uv": [13.047, 0, 16, 2], "rotation": 180, "texture": "#3"}
			}
		},
		{
			"name": "book11",
			"from": [13, 8, 7],
			"to": [17, 14, 9],
			"rotation": {"angle": 0, "axis": "y", "origin": [8, 1, 8]},
			"faces": {
				"north": {"uv": [0, 0, 6, 8], "texture": "#5"},
				"east": {"uv": [9, 8, 12, 16], "texture": "#5"},
				"south": {"uv": [0, 0, 6, 8], "texture": "#5"},
				"west": {"uv": [13, 8, 16, 16], "texture": "#5"},
				"up": {"uv": [0, 13, 6, 16], "rotation": 180, "texture": "#5"},
				"down": {"uv": [0, 13, 6, 16], "rotation": 180, "texture": "#5"}
			}
		},
		{
			"name": "book12",
			"from": [13, 8, 12],
			"to": [17, 14, 13],
			"rotation": {"angle": 0, "axis": "y", "origin": [8, 1, 8]},
			"faces": {
				"north": {"uv": [0, 0, 6, 9], "texture": "#1"},
				"east": {"uv": [14, 0, 16, 9], "texture": "#1"},
				"south": {"uv": [0, 0, 6, 9], "texture": "#1"},
				"west": {"uv": [11, 0, 13, 9], "texture": "#1"},
				"up": {"uv": [0, 14, 6, 16], "rotation": 180, "texture": "#1"},
				"down": {"uv": [0, 14, 6, 16], "rotation": 180, "texture": "#1"}
			}
		},
		{
			"name": "book13",
			"from": [13, 8, 10],
			"to": [16, 14, 11],
			"rotation": {"angle": 0, "axis": "y", "origin": [8, 1, 8]},
			"faces": {
				"north": {"uv": [0, 0.094, 4.094, 7], "texture": "#10"},
				"east": {"uv": [14, 7.016, 16, 14.016], "texture": "#10"},
				"south": {"uv": [0, 0.047, 4.203, 7], "texture": "#10"},
				"west": {"uv": [11.938, 7.032, 13.938, 14.032], "texture": "#10"},
				"up": {"uv": [0, 7.235, 4.235, 9.187], "rotation": 180, "texture": "#10"},
				"down": {"uv": [0, 7.235, 4.235, 9.187], "rotation": 180, "texture": "#10"}
			}
		},
		{
			"name": "book14",
			"from": [13, 8, 4],
			"to": [16, 13, 6],
			"rotation": {"angle": 0, "axis": "y", "origin": [8, 1, 8]},
			"faces": {
				"north": {"uv": [0, 11, 3, 16], "texture": "#3"},
				"east": {"uv": [4, 11, 6, 16], "texture": "#3"},
				"south": {"uv": [0, 11, 3, 16], "texture": "#3"},
				"west": {"uv": [6, 11, 8, 16], "texture": "#3"},
				"up": {"uv": [13, 0, 16, 2], "rotation": 180, "texture": "#3"},
				"down": {"uv": [13, 0, 16, 2], "rotation": 180, "texture": "#3"}
			}
		},
		{
			"name": "book15",
			"from": [14, 1, 1],
			"to": [17, 7, 3],
			"rotation": {"angle": 0, "axis": "y", "origin": [8, 1, 8]},
			"faces": {
				"north": {"uv": [0, 0, 6, 8], "texture": "#5"},
				"east": {"uv": [9, 8, 12, 16], "texture": "#5"},
				"south": {"uv": [0, 0, 6, 8], "texture": "#5"},
				"west": {"uv": [13, 8, 16, 16], "texture": "#5"},
				"up": {"uv": [0, 13, 6, 16], "rotation": 180, "texture": "#5"},
				"down": {"uv": [0, 13, 6, 16], "rotation": 180, "texture": "#5"}
			}
		},
		{
			"name": "book16",
			"from": [13, 1, 10],
			"to": [16, 6, 11],
			"rotation": {"angle": 0, "axis": "y", "origin": [8, 1, 8]},
			"faces": {
				"north": {"uv": [12, 0, 16, 7], "texture": "#6"},
				"east": {"uv": [13, 10, 14, 16], "texture": "#6"},
				"south": {"uv": [12, 0, 16, 7], "texture": "#6"},
				"west": {"uv": [15, 10, 16, 16], "texture": "#6"},
				"up": {"uv": [0, 15, 3, 16], "rotation": 180, "texture": "#6"},
				"down": {"uv": [0, 15, 3, 16], "rotation": 180, "texture": "#6"}
			}
		},
		{
			"name": "book17",
			"from": [13, 1, 5],
			"to": [17, 5, 6],
			"rotation": {"angle": 0, "axis": "y", "origin": [8, 1, 8]},
			"faces": {
				"north": {"uv": [12, 0, 16, 5], "texture": "#7"},
				"east": {"uv": [15, 11, 16, 16], "texture": "#7"},
				"south": {"uv": [12, 0, 16, 5], "texture": "#7"},
				"west": {"uv": [13, 11, 14, 16], "texture": "#7"},
				"up": {"uv": [0, 0, 5, 1], "rotation": 180, "texture": "#7"},
				"down": {"uv": [0, 0, 5, 1], "rotation": 180, "texture": "#7"}
			}
		},
		{
			"name": "book18",
			"from": [13, 1, 6],
			"to": [16, 6, 7],
			"rotation": {"angle": 0, "axis": "y", "origin": [8, 1, 8]},
			"faces": {
				"north": {"uv": [10, 0, 16, 11], "texture": "#12"},
				"east": {"uv": [0, 0, 2, 11], "texture": "#12"},
				"south": {"uv": [10, 0, 16, 11], "texture": "#12"},
				"west": {"uv": [3, 0, 5, 11], "texture": "#12"},
				"up": {"uv": [7.3126, 10.141, 9.3126, 16], "rotation": 90, "texture": "#12"},
				"down": {"uv": [7.3126, 10.141, 9.3126, 16], "rotation": 270, "texture": "#12"}
			}
		},
		{
			"name": "book19",
			"from": [13, 1, 9],
			"to": [17, 6, 10],
			"rotation": {"angle": 0, "axis": "y", "origin": [8, 1, 8]},
			"faces": {
				"north": {"uv": [0, 0.094, 4.094, 7], "texture": "#10"},
				"east": {"uv": [14, 7.016, 16, 14.016], "texture": "#10"},
				"south": {"uv": [0, 0.047, 4.203, 7], "texture": "#10"},
				"west": {"uv": [11.938, 7.032, 13.938, 14.032], "texture": "#10"},
				"up": {"uv": [0, 7.235, 4.235, 9.187], "rotation": 180, "texture": "#10"},
				"down": {"uv": [0, 7.235, 4.235, 9.187], "rotation": 180, "texture": "#10"}
			}
		},
		{
			"name": "book20",
			"from": [13, 1, 12],
			"to": [16, 7, 13],
			"rotation": {"angle": 0, "axis": "y", "origin": [8, 1, 8]},
			"faces": {
				"north": {"uv": [0, 0, 6, 9], "texture": "#8"},
				"east": {"uv": [14, 0, 16, 9], "texture": "#8"},
				"south": {"uv": [0, 0, 6, 9], "texture": "#8"},
				"west": {"uv": [11, 0, 13, 9], "texture": "#8"},
				"up": {"uv": [0, 14, 6.5, 16], "texture": "#8"},
				"down": {"uv": [0, 14, 6.5, 16], "texture": "#8"}
			}
		},
		{
			"name": "book21",
			"from": [13, 1, 7],
			"to": [16, 5, 9],
			"rotation": {"angle": 0, "axis": "y", "origin": [8, 1, 8]},
			"faces": {
				"north": {"uv": [0, 11, 3, 16], "texture": "#3"},
				"east": {"uv": [4, 11, 6, 16], "texture": "#3"},
				"south": {"uv": [0, 11, 3, 16], "texture": "#3"},
				"west": {"uv": [6, 11, 8, 16], "texture": "#3"},
				"up": {"uv": [13, 0, 16, 2], "rotation": 180, "texture": "#3"},
				"down": {"uv": [13, 0, 16, 2], "rotation": 180, "texture": "#3"}
			}
		}
	],
	"groups": [0, 1, 2, 3, 4, 5, 6, 7, 8, 9, 10,
		{
			"name": "booksGroup1",
			"origin": [8, 8, 8],
			"children": [11, 12, 13, 14, 15, 16, 17, 18, 19, 20, 21, 22, 23, 24, 25, 26]
		},
		{
			"name": "booksGroup2",
			"origin": [8, 8, 8],
			"children": [27, 28, 29, 30, 31, 32, 33, 34, 35, 36, 37, 38, 39, 40, 41, 42, 43]
		},
		{
			"name": "booksGroup3",
			"origin": [8, 8, 8],
			"children": [44, 45, 46, 47, 48, 49, 50, 51, 52, 53, 54, 55, 56, 57, 58, 59, 60]
		},
		{
			"name": "booksGroup4",
			"origin": [8, 8, 8],
			"children": [61, 62, 63, 64, 65, 66, 67, 68, 69, 70, 71, 72, 73, 74, 75, 76, 77]
		}
	],
	"display": {
        "gui": {
            "rotation": [ 30, 225, 0 ],
            "translation": [ 0, 0, 0],
            "scale":[ 0.625, 0.625, 0.625 ]
        },
        "ground": {
            "rotation": [ 0, 0, 0 ],
            "translation": [ 0, 3, 0],
            "scale":[ 0.25, 0.25, 0.25 ]
        },
        "fixed": {
            "rotation": [ 0, 0, 0 ],
            "translation": [ 0, 0, 0],
            "scale":[ 0.5, 0.5, 0.5 ]
        },
        "thirdperson_righthand": {
            "rotation": [ 75, 45, 0 ],
            "translation": [ 0, 2.5, 0],
            "scale": [ 0.375, 0.375, 0.375 ]
        },
        "firstperson_righthand": {
            "rotation": [ 0, 45, 0 ],
            "translation": [ 0, 0, 0 ],
            "scale": [ 0.40, 0.40, 0.40 ]
        },
        "firstperson_lefthand": {
            "rotation": [ 0, 225, 0 ],
            "translation": [ 0, 0, 0 ],
            "scale": [ 0.40, 0.40, 0.40 ]
        }
	}
}