{
	"credit": "Made with Blockbench",
	"ambientocclusion": false,
	"textures": {
		"2": "block/cmodels/cube",
		"3": "block/cmodels/bricks",
		"particle": "block/cmodels/bricks"
	},
	"elements": [
		{
			"name": "CUBE",
			"from": [0, 0, 0],
			"to": [16, 16, 16],
			"faces": {
				"north": {"uv": [0, 0, 16, 16], "texture": "#2"},
				"east": {"uv": [0, 0, 16, 16], "texture": "#2"},
				"south": {"uv": [0, 0, 16, 16], "texture": "#2"},
				"west": {"uv": [0, 0, 16, 16], "texture": "#2"},
				"up": {"uv": [0, 0, 16, 16], "texture": "#2"},
				"down": {"uv": [0, 0, 16, 16], "texture": "#2"}
			}
		},
		{
			"from": [16, 1, 9],
			"to": [16.4, 4.5, 16],
			"faces": {
				"north": {"uv": [0, 0, 0.4, 3.5], "texture": "#3"},
				"east": {"uv": [0, 0, 7, 3.5], "texture": "#3"},
				"south": {"uv": [0, 0, 0.4, 3.5], "texture": "#3"},
				"west": {"uv": [0, 0, 7, 3.5], "texture": "#missing"},
				"up": {"uv": [0, 0, 0.4, 7], "rotation": 180, "texture": "#3"},
				"down": {"uv": [0, 0, 0.4, 7], "rotation": 180, "texture": "#3"}
			}
		},
		{
			"from": [16, 5, 5],
			"to": [16.4, 8.5, 12.5],
			"faces": {
				"north": {"uv": [0, 0, 0.4, 3.5], "texture": "#3"},
				"east": {"uv": [0, 0, 7.5, 3.5], "texture": "#3"},
				"south": {"uv": [0, 0, 0.4, 3.5], "texture": "#3"},
				"west": {"uv": [0, 0, 7.5, 3.5], "texture": "#missing"},
				"up": {"uv": [0, 0, 0.4, 7.5], "rotation": 180, "texture": "#3"},
				"down": {"uv": [0, 0, 0.4, 7.5], "rotation": 180, "texture": "#3"}
			}
		},
		{
			"from": [16, 5, 13],
			"to": [16.4, 8.5, 16],
			"faces": {
				"north": {"uv": [0, 0, 0.4, 3.5], "texture": "#3"},
				"east": {"uv": [0, 0, 3, 3.5], "texture": "#3"},
				"south": {"uv": [0, 0, 0.4, 3.5], "texture": "#3"},
				"west": {"uv": [0, 0, 3, 3.5], "texture": "#missing"},
				"up": {"uv": [0, 0, 0.4, 3], "rotation": 180, "texture": "#3"},
				"down": {"uv": [0, 0, 0.4, 3], "rotation": 180, "texture": "#3"}
			}
		},
		{
			"from": [16, 1, 1],
			"to": [16.4, 4.5, 8.5],
			"faces": {
				"north": {"uv": [0, 0, 0.4, 3.5], "texture": "#3"},
				"east": {"uv": [0, 0, 7.5, 3.5], "texture": "#3"},
				"south": {"uv": [0, 0, 0.4, 3.5], "texture": "#3"},
				"west": {"uv": [0, 0, 7.5, 3.5], "texture": "#missing"},
				"up": {"uv": [0, 0, 0.4, 7.5], "rotation": 180, "texture": "#3"},
				"down": {"uv": [0, 0, 0.4, 7.5], "rotation": 180, "texture": "#3"}
			}
		},
		{
			"from": [16, 9, 1],
			"to": [16.4, 12.5, 8.5],
			"faces": {
				"north": {"uv": [0, 0, 0.4, 3.5], "texture": "#3"},
				"east": {"uv": [0, 0, 7.5, 3.5], "texture": "#3"},
				"south": {"uv": [0, 0, 0.4, 3.5], "texture": "#3"},
				"west": {"uv": [0, 0, 7.5, 3.5], "texture": "#missing"},
				"up": {"uv": [0, 0, 0.4, 7.5], "rotation": 180, "texture": "#3"},
				"down": {"uv": [0, 0, 0.4, 7.5], "rotation": 180, "texture": "#3"}
			}
		},
		{
			"from": [16, 9, 9],
			"to": [16.4, 12.5, 16],
			"faces": {
				"north": {"uv": [0, 0, 0.4, 3.5], "texture": "#3"},
				"east": {"uv": [0, 0, 7, 3.5], "texture": "#3"},
				"south": {"uv": [0, 0, 0.4, 3.5], "texture": "#3"},
				"west": {"uv": [0, 0, 7, 3.5], "texture": "#missing"},
				"up": {"uv": [0, 0, 0.4, 7], "rotation": 180, "texture": "#3"},
				"down": {"uv": [0, 0, 0.4, 7], "rotation": 180, "texture": "#3"}
			}
		},
		{
			"from": [16, 13, 13],
			"to": [16.4, 16, 16],
			"faces": {
				"north": {"uv": [0, 0, 0.4, 3], "texture": "#3"},
				"east": {"uv": [0, 0, 3, 3], "texture": "#3"},
				"south": {"uv": [0, 0, 0.4, 3], "texture": "#3"},
				"west": {"uv": [0, 0, 3, 3], "texture": "#missing"},
				"up": {"uv": [0, 0, 0.4, 3], "rotation": 180, "texture": "#3"},
				"down": {"uv": [0, 0, 0.4, 3], "rotation": 180, "texture": "#3"}
			}
		},
		{
			"from": [16, 0, 13],
			"to": [16.4, 0.5, 16],
			"faces": {
				"north": {"uv": [0, 0, 0.4, 0.5], "texture": "#3"},
				"east": {"uv": [0, 0, 3, 0.5], "texture": "#3"},
				"south": {"uv": [0, 0, 0.4, 0.5], "texture": "#3"},
				"west": {"uv": [0, 0, 3, 0.5], "texture": "#missing"},
				"up": {"uv": [0, 0, 0.4, 3], "rotation": 180, "texture": "#3"},
				"down": {"uv": [0, 0, 0.4, 3], "rotation": 180, "texture": "#3"}
			}
		},
		{
			"from": [16, 13, 0],
			"to": [16.4, 16, 4.5],
			"faces": {
				"north": {"uv": [0, 0, 0.4, 3], "texture": "#3"},
				"east": {"uv": [0, 0, 4.5, 3], "texture": "#3"},
				"south": {"uv": [0, 0, 0.4, 3], "texture": "#3"},
				"west": {"uv": [0, 0, 4.5, 3], "texture": "#missing"},
				"up": {"uv": [0, 0, 0.4, 4.5], "rotation": 180, "texture": "#3"},
				"down": {"uv": [0, 0, 0.4, 4.5], "rotation": 180, "texture": "#3"}
			}
		},
		{
			"from": [16, 0, 0],
			"to": [16.4, 0.5, 4.5],
			"faces": {
				"north": {"uv": [0, 0, 0.4, 0.5], "texture": "#3"},
				"east": {"uv": [0, 0, 4.5, 0.5], "texture": "#3"},
				"south": {"uv": [0, 0, 0.4, 0.5], "texture": "#3"},
				"west": {"uv": [0, 0, 4.5, 0.5], "texture": "#missing"},
				"up": {"uv": [0, 0, 0.4, 4.5], "rotation": 180, "texture": "#3"},
				"down": {"uv": [0, 0, 0.4, 4.5], "rotation": 180, "texture": "#3"}
			}
		},
		{
			"from": [16, 9, 0],
			"to": [16.4, 12.5, 0.5],
			"faces": {
				"north": {"uv": [0, 0, 0.4, 3.5], "texture": "#3"},
				"east": {"uv": [0, 0, 0.5, 3.5], "texture": "#3"},
				"south": {"uv": [0, 0, 0.4, 3.5], "texture": "#3"},
				"west": {"uv": [0, 0, 0.5, 3.5], "texture": "#missing"},
				"up": {"uv": [0, 0, 0.4, 0.5], "rotation": 180, "texture": "#3"},
				"down": {"uv": [0, 0, 0.4, 0.5], "rotation": 180, "texture": "#3"}
			}
		},
		{
			"from": [16, 1, 0],
			"to": [16.4, 4.5, 0.5],
			"faces": {
				"north": {"uv": [0, 0, 0.4, 3.5], "texture": "#3"},
				"east": {"uv": [0, 0, 0.5, 3.5], "texture": "#3"},
				"south": {"uv": [0, 0, 0.4, 3.5], "texture": "#3"},
				"west": {"uv": [0, 0, 0.5, 3.5], "texture": "#missing"},
				"up": {"uv": [0, 0, 0.4, 0.5], "rotation": 180, "texture": "#3"},
				"down": {"uv": [0, 0, 0.4, 0.5], "rotation": 180, "texture": "#3"}
			}
		},
		{
			"from": [16, 13, 5],
			"to": [16.4, 16, 12.5],
			"faces": {
				"north": {"uv": [0, 0, 0.4, 3], "texture": "#3"},
				"east": {"uv": [0, 0, 7.5, 3], "texture": "#3"},
				"south": {"uv": [0, 0, 0.4, 3], "texture": "#3"},
				"west": {"uv": [0, 0, 7.5, 3], "texture": "#missing"},
				"up": {"uv": [0, 0, 0.4, 7.5], "rotation": 180, "texture": "#3"},
				"down": {"uv": [0, 0, 0.4, 7.5], "rotation": 180, "texture": "#3"}
			}
		},
		{
			"from": [16, 0, 5],
			"to": [16.4, 0.5, 12.5],
			"faces": {
				"north": {"uv": [0, 0, 0.4, 0.5], "texture": "#3"},
				"east": {"uv": [0, 0, 7.5, 0.5], "texture": "#3"},
				"south": {"uv": [0, 0, 0.4, 0.5], "texture": "#3"},
				"west": {"uv": [0, 0, 7.5, 0.5], "texture": "#missing"},
				"up": {"uv": [0, 0, 0.4, 7.5], "rotation": 180, "texture": "#3"},
				"down": {"uv": [0, 0, 0.4, 7.5], "rotation": 180, "texture": "#3"}
			}
		},
		{
			"from": [16, 5, 0],
			"to": [16.4, 8.5, 4.5],
			"faces": {
				"north": {"uv": [0, 0, 0.4, 3.5], "texture": "#3"},
				"east": {"uv": [0, 0, 4.5, 3.5], "texture": "#3"},
				"south": {"uv": [0, 0, 0.4, 3.5], "texture": "#3"},
				"west": {"uv": [0, 0, 4.5, 3.5], "texture": "#missing"},
				"up": {"uv": [0, 0, 0.4, 4.5], "rotation": 180, "texture": "#3"},
				"down": {"uv": [0, 0, 0.4, 4.5], "rotation": 180, "texture": "#3"}
			}
		},
		{
			"from": [9, 1, -0.4],
			"to": [16, 4.5, 0],
			"faces": {
				"north": {"uv": [0, 0, 7, 3.5], "texture": "#3"},
				"east": {"uv": [0, 0, 0.4, 3.5], "texture": "#3"},
				"south": {"uv": [0, 0, 7, 3.5], "texture": "#missing"},
				"west": {"uv": [0, 0, 0.4, 3.5], "texture": "#3"},
				"up": {"uv": [0, 0, 0.4, 7], "rotation": 90, "texture": "#3"},
				"down": {"uv": [0, 0, 0.4, 7], "rotation": 270, "texture": "#3"}
			}
		},
		{
			"from": [5, 5, -0.4],
			"to": [12.5, 8.5, 0],
			"faces": {
				"north": {"uv": [0, 0, 7.5, 3.5], "texture": "#3"},
				"east": {"uv": [0, 0, 0.4, 3.5], "texture": "#3"},
				"south": {"uv": [0, 0, 7.5, 3.5], "texture": "#missing"},
				"west": {"uv": [0, 0, 0.4, 3.5], "texture": "#3"},
				"up": {"uv": [0, 0, 0.4, 7.5], "rotation": 90, "texture": "#3"},
				"down": {"uv": [0, 0, 0.4, 7.5], "rotation": 270, "texture": "#3"}
			}
		},
		{
			"from": [13, 5, -0.4],
			"to": [16, 8.5, 0],
			"faces": {
				"north": {"uv": [0, 0, 3, 3.5], "texture": "#3"},
				"east": {"uv": [0, 0, 0.4, 3.5], "texture": "#3"},
				"south": {"uv": [0, 0, 3, 3.5], "texture": "#missing"},
				"west": {"uv": [0, 0, 0.4, 3.5], "texture": "#3"},
				"up": {"uv": [0, 0, 0.4, 3], "rotation": 90, "texture": "#3"},
				"down": {"uv": [0, 0, 0.4, 3], "rotation": 270, "texture": "#3"}
			}
		},
		{
			"from": [1, 1, -0.4],
			"to": [8.5, 4.5, 0],
			"faces": {
				"north": {"uv": [0, 0, 7.5, 3.5], "texture": "#3"},
				"east": {"uv": [0, 0, 0.4, 3.5], "texture": "#3"},
				"south": {"uv": [0, 0, 7.5, 3.5], "texture": "#missing"},
				"west": {"uv": [0, 0, 0.4, 3.5], "texture": "#3"},
				"up": {"uv": [0, 0, 0.4, 7.5], "rotation": 90, "texture": "#3"},
				"down": {"uv": [0, 0, 0.4, 7.5], "rotation": 270, "texture": "#3"}
			}
		},
		{
			"from": [1, 9, -0.4],
			"to": [8.5, 12.5, 0],
			"faces": {
				"north": {"uv": [0, 0, 7.5, 3.5], "texture": "#3"},
				"east": {"uv": [0, 0, 0.4, 3.5], "texture": "#3"},
				"south": {"uv": [0, 0, 7.5, 3.5], "texture": "#missing"},
				"west": {"uv": [0, 0, 0.4, 3.5], "texture": "#3"},
				"up": {"uv": [0, 0, 0.4, 7.5], "rotation": 90, "texture": "#3"},
				"down": {"uv": [0, 0, 0.4, 7.5], "rotation": 270, "texture": "#3"}
			}
		},
		{
			"from": [9, 9, -0.4],
			"to": [16, 12.5, 0],
			"faces": {
				"north": {"uv": [0, 0, 7, 3.5], "texture": "#3"},
				"east": {"uv": [0, 0, 0.4, 3.5], "texture": "#3"},
				"south": {"uv": [0, 0, 7, 3.5], "texture": "#missing"},
				"west": {"uv": [0, 0, 0.4, 3.5], "texture": "#3"},
				"up": {"uv": [0, 0, 0.4, 7], "rotation": 90, "texture": "#3"},
				"down": {"uv": [0, 0, 0.4, 7], "rotation": 270, "texture": "#3"}
			}
		},
		{
			"from": [13, 13, -0.4],
			"to": [16, 16, 0],
			"faces": {
				"north": {"uv": [0, 0, 3, 3], "texture": "#3"},
				"east": {"uv": [0, 0, 0.4, 3], "texture": "#3"},
				"south": {"uv": [0, 0, 3, 3], "texture": "#missing"},
				"west": {"uv": [0, 0, 0.4, 3], "texture": "#3"},
				"up": {"uv": [0, 0, 0.4, 3], "rotation": 90, "texture": "#3"},
				"down": {"uv": [0, 0, 0.4, 3], "rotation": 270, "texture": "#3"}
			}
		},
		{
			"from": [13, 0, -0.4],
			"to": [16, 0.5, 0],
			"faces": {
				"north": {"uv": [0, 0, 3, 0.5], "texture": "#3"},
				"east": {"uv": [0, 0, 0.4, 0.5], "texture": "#3"},
				"south": {"uv": [0, 0, 3, 0.5], "texture": "#missing"},
				"west": {"uv": [0, 0, 0.4, 0.5], "texture": "#3"},
				"up": {"uv": [0, 0, 0.4, 3], "rotation": 90, "texture": "#3"},
				"down": {"uv": [0, 0, 0.4, 3], "rotation": 270, "texture": "#3"}
			}
		},
		{
			"from": [0, 13, -0.4],
			"to": [4.5, 16, 0],
			"faces": {
				"north": {"uv": [0, 0, 4.5, 3], "texture": "#3"},
				"east": {"uv": [0, 0, 0.4, 3], "texture": "#3"},
				"south": {"uv": [0, 0, 4.5, 3], "texture": "#missing"},
				"west": {"uv": [0, 0, 0.4, 3], "texture": "#3"},
				"up": {"uv": [0, 0, 0.4, 4.5], "rotation": 90, "texture": "#3"},
				"down": {"uv": [0, 0, 0.4, 4.5], "rotation": 270, "texture": "#3"}
			}
		},
		{
			"from": [0, 0, -0.4],
			"to": [4.5, 0.5, 0],
			"faces": {
				"north": {"uv": [0, 0, 4.5, 0.5], "texture": "#3"},
				"east": {"uv": [0, 0, 0.4, 0.5], "texture": "#3"},
				"south": {"uv": [0, 0, 4.5, 0.5], "texture": "#missing"},
				"west": {"uv": [0, 0, 0.4, 0.5], "texture": "#3"},
				"up": {"uv": [0, 0, 0.4, 4.5], "rotation": 90, "texture": "#3"},
				"down": {"uv": [0, 0, 0.4, 4.5], "rotation": 270, "texture": "#3"}
			}
		},
		{
			"from": [0, 9, -0.4],
			"to": [0.5, 12.5, 0],
			"faces": {
				"north": {"uv": [0, 0, 0.5, 3.5], "texture": "#3"},
				"east": {"uv": [0, 0, 0.4, 3.5], "texture": "#3"},
				"south": {"uv": [0, 0, 0.5, 3.5], "texture": "#missing"},
				"west": {"uv": [0, 0, 0.4, 3.5], "texture": "#3"},
				"up": {"uv": [0, 0, 0.4, 0.5], "rotation": 90, "texture": "#3"},
				"down": {"uv": [0, 0, 0.4, 0.5], "rotation": 270, "texture": "#3"}
			}
		},
		{
			"from": [0, 1, -0.4],
			"to": [0.5, 4.5, 0],
			"faces": {
				"north": {"uv": [0, 0, 0.5, 3.5], "texture": "#3"},
				"east": {"uv": [0, 0, 0.4, 3.5], "texture": "#3"},
				"south": {"uv": [0, 0, 0.5, 3.5], "texture": "#missing"},
				"west": {"uv": [0, 0, 0.4, 3.5], "texture": "#3"},
				"up": {"uv": [0, 0, 0.4, 0.5], "rotation": 90, "texture": "#3"},
				"down": {"uv": [0, 0, 0.4, 0.5], "rotation": 270, "texture": "#3"}
			}
		},
		{
			"from": [5, 13, -0.4],
			"to": [12.5, 16, 0],
			"faces": {
				"north": {"uv": [0, 0, 7.5, 3], "texture": "#3"},
				"east": {"uv": [0, 0, 0.4, 3], "texture": "#3"},
				"south": {"uv": [0, 0, 7.5, 3], "texture": "#missing"},
				"west": {"uv": [0, 0, 0.4, 3], "texture": "#3"},
				"up": {"uv": [0, 0, 0.4, 7.5], "rotation": 90, "texture": "#3"},
				"down": {"uv": [0, 0, 0.4, 7.5], "rotation": 270, "texture": "#3"}
			}
		},
		{
			"from": [5, 0, -0.4],
			"to": [12.5, 0.5, 0],
			"faces": {
				"north": {"uv": [0, 0, 7.5, 0.5], "texture": "#3"},
				"east": {"uv": [0, 0, 0.4, 0.5], "texture": "#3"},
				"south": {"uv": [0, 0, 7.5, 0.5], "texture": "#missing"},
				"west": {"uv": [0, 0, 0.4, 0.5], "texture": "#3"},
				"up": {"uv": [0, 0, 0.4, 7.5], "rotation": 90, "texture": "#3"},
				"down": {"uv": [0, 0, 0.4, 7.5], "rotation": 270, "texture": "#3"}
			}
		},
		{
			"from": [0, 5, -0.4],
			"to": [4.5, 8.5, 0],
			"faces": {
				"north": {"uv": [0, 0, 4.5, 3.5], "texture": "#3"},
				"east": {"uv": [0, 0, 0.4, 3.5], "texture": "#3"},
				"south": {"uv": [0, 0, 4.5, 3.5], "texture": "#missing"},
				"west": {"uv": [0, 0, 0.4, 3.5], "texture": "#3"},
				"up": {"uv": [0, 0, 0.4, 4.5], "rotation": 90, "texture": "#3"},
				"down": {"uv": [0, 0, 0.4, 4.5], "rotation": 270, "texture": "#3"}
			}
		},
		{
			"from": [-0.4, 1, 0],
			"to": [0, 4.5, 7],
			"faces": {
				"north": {"uv": [0, 0, 0.4, 3.5], "texture": "#3"},
				"east": {"uv": [0, 0, 7, 3.5], "texture": "#missing"},
				"south": {"uv": [0, 0, 0.4, 3.5], "texture": "#3"},
				"west": {"uv": [0, 0, 7, 3.5], "texture": "#3"},
				"up": {"uv": [0, 0, 0.4, 7], "texture": "#3"},
				"down": {"uv": [0, 0, 0.4, 7], "texture": "#3"}
			}
		},
		{
			"from": [-0.4, 5, 3.5],
			"to": [0, 8.5, 11],
			"faces": {
				"north": {"uv": [0, 0, 0.4, 3.5], "texture": "#3"},
				"east": {"uv": [0, 0, 7.5, 3.5], "texture": "#missing"},
				"south": {"uv": [0, 0, 0.4, 3.5], "texture": "#3"},
				"west": {"uv": [0, 0, 7.5, 3.5], "texture": "#3"},
				"up": {"uv": [0, 0, 0.4, 7.5], "texture": "#3"},
				"down": {"uv": [0, 0, 0.4, 7.5], "texture": "#3"}
			}
		},
		{
			"from": [-0.4, 5, 0],
			"to": [0, 8.5, 3],
			"faces": {
				"north": {"uv": [0, 0, 0.4, 3.5], "texture": "#3"},
				"east": {"uv": [0, 0, 3, 3.5], "texture": "#missing"},
				"south": {"uv": [0, 0, 0.4, 3.5], "texture": "#3"},
				"west": {"uv": [0, 0, 3, 3.5], "texture": "#3"},
				"up": {"uv": [0, 0, 0.4, 3], "texture": "#3"},
				"down": {"uv": [0, 0, 0.4, 3], "texture": "#3"}
			}
		},
		{
			"from": [-0.4, 1, 7.5],
			"to": [0, 4.5, 15],
			"faces": {
				"north": {"uv": [0, 0, 0.4, 3.5], "texture": "#3"},
				"east": {"uv": [0, 0, 7.5, 3.5], "texture": "#missing"},
				"south": {"uv": [0, 0, 0.4, 3.5], "texture": "#3"},
				"west": {"uv": [0, 0, 7.5, 3.5], "texture": "#3"},
				"up": {"uv": [0, 0, 0.4, 7.5], "texture": "#3"},
				"down": {"uv": [0, 0, 0.4, 7.5], "texture": "#3"}
			}
		},
		{
			"from": [-0.4, 9, 7.5],
			"to": [0, 12.5, 15],
			"faces": {
				"north": {"uv": [0, 0, 0.4, 3.5], "texture": "#3"},
				"east": {"uv": [0, 0, 7.5, 3.5], "texture": "#missing"},
				"south": {"uv": [0, 0, 0.4, 3.5], "texture": "#3"},
				"west": {"uv": [0, 0, 7.5, 3.5], "texture": "#3"},
				"up": {"uv": [0, 0, 0.4, 7.5], "texture": "#3"},
				"down": {"uv": [0, 0, 0.4, 7.5], "texture": "#3"}
			}
		},
		{
			"from": [-0.4, 9, 0],
			"to": [0, 12.5, 7],
			"faces": {
				"north": {"uv": [0, 0, 0.4, 3.5], "texture": "#3"},
				"east": {"uv": [0, 0, 7, 3.5], "texture": "#missing"},
				"south": {"uv": [0, 0, 0.4, 3.5], "texture": "#3"},
				"west": {"uv": [0, 0, 7, 3.5], "texture": "#3"},
				"up": {"uv": [0, 0, 0.4, 7], "texture": "#3"},
				"down": {"uv": [0, 0, 0.4, 7], "texture": "#3"}
			}
		},
		{
			"from": [-0.4, 13, 0],
			"to": [0, 16, 3],
			"faces": {
				"north": {"uv": [0, 0, 0.4, 3], "texture": "#3"},
				"east": {"uv": [0, 0, 3, 3], "texture": "#missing"},
				"south": {"uv": [0, 0, 0.4, 3], "texture": "#3"},
				"west": {"uv": [0, 0, 3, 3], "texture": "#3"},
				"up": {"uv": [0, 0, 0.4, 3], "texture": "#3"},
				"down": {"uv": [0, 0, 0.4, 3], "texture": "#3"}
			}
		},
		{
			"from": [-0.4, 0, 0],
			"to": [0, 0.5, 3],
			"faces": {
				"north": {"uv": [0, 0, 0.4, 0.5], "texture": "#3"},
				"east": {"uv": [0, 0, 3, 0.5], "texture": "#missing"},
				"south": {"uv": [0, 0, 0.4, 0.5], "texture": "#3"},
				"west": {"uv": [0, 0, 3, 0.5], "texture": "#3"},
				"up": {"uv": [0, 0, 0.4, 3], "texture": "#3"},
				"down": {"uv": [0, 0, 0.4, 3], "texture": "#3"}
			}
		},
		{
			"from": [-0.4, 13, 11.5],
			"to": [0, 16, 16],
			"faces": {
				"north": {"uv": [0, 0, 0.4, 3], "texture": "#3"},
				"east": {"uv": [0, 0, 4.5, 3], "texture": "#missing"},
				"south": {"uv": [0, 0, 0.4, 3], "texture": "#3"},
				"west": {"uv": [0, 0, 4.5, 3], "texture": "#3"},
				"up": {"uv": [0, 0, 0.4, 4.5], "texture": "#3"},
				"down": {"uv": [0, 0, 0.4, 4.5], "texture": "#3"}
			}
		},
		{
			"from": [-0.4, 0, 11.5],
			"to": [0, 0.5, 16],
			"faces": {
				"north": {"uv": [0, 0, 0.4, 0.5], "texture": "#3"},
				"east": {"uv": [0, 0, 4.5, 0.5], "texture": "#missing"},
				"south": {"uv": [0, 0, 0.4, 0.5], "texture": "#3"},
				"west": {"uv": [0, 0, 4.5, 0.5], "texture": "#3"},
				"up": {"uv": [0, 0, 0.4, 4.5], "texture": "#3"},
				"down": {"uv": [0, 0, 0.4, 4.5], "texture": "#3"}
			}
		},
		{
			"from": [-0.4, 9, 15.5],
			"to": [0, 12.5, 16],
			"faces": {
				"north": {"uv": [0, 0, 0.4, 3.5], "texture": "#3"},
				"east": {"uv": [0, 0, 0.5, 3.5], "texture": "#missing"},
				"south": {"uv": [0, 0, 0.4, 3.5], "texture": "#3"},
				"west": {"uv": [0, 0, 0.5, 3.5], "texture": "#3"},
				"up": {"uv": [0, 0, 0.4, 0.5], "texture": "#3"},
				"down": {"uv": [0, 0, 0.4, 0.5], "texture": "#3"}
			}
		},
		{
			"from": [-0.4, 1, 15.5],
			"to": [0, 4.5, 16],
			"faces": {
				"north": {"uv": [0, 0, 0.4, 3.5], "texture": "#3"},
				"east": {"uv": [0, 0, 0.5, 3.5], "texture": "#missing"},
				"south": {"uv": [0, 0, 0.4, 3.5], "texture": "#3"},
				"west": {"uv": [0, 0, 0.5, 3.5], "texture": "#3"},
				"up": {"uv": [0, 0, 0.4, 0.5], "texture": "#3"},
				"down": {"uv": [0, 0, 0.4, 0.5], "texture": "#3"}
			}
		},
		{
			"from": [-0.4, 13, 3.5],
			"to": [0, 16, 11],
			"faces": {
				"north": {"uv": [0, 0, 0.4, 3], "texture": "#3"},
				"east": {"uv": [0, 0, 7.5, 3], "texture": "#missing"},
				"south": {"uv": [0, 0, 0.4, 3], "texture": "#3"},
				"west": {"uv": [0, 0, 7.5, 3], "texture": "#3"},
				"up": {"uv": [0, 0, 0.4, 7.5], "texture": "#3"},
				"down": {"uv": [0, 0, 0.4, 7.5], "texture": "#3"}
			}
		},
		{
			"from": [-0.4, 0, 3.5],
			"to": [0, 0.5, 11],
			"faces": {
				"north": {"uv": [0, 0, 0.4, 0.5], "texture": "#3"},
				"east": {"uv": [0, 0, 7.5, 0.5], "texture": "#missing"},
				"south": {"uv": [0, 0, 0.4, 0.5], "texture": "#3"},
				"west": {"uv": [0, 0, 7.5, 0.5], "texture": "#3"},
				"up": {"uv": [0, 0, 0.4, 7.5], "texture": "#3"},
				"down": {"uv": [0, 0, 0.4, 7.5], "texture": "#3"}
			}
		},
		{
			"from": [-0.4, 5, 11.5],
			"to": [0, 8.5, 16],
			"faces": {
				"north": {"uv": [0, 0, 0.4, 3.5], "texture": "#3"},
				"east": {"uv": [0, 0, 4.5, 3.5], "texture": "#missing"},
				"south": {"uv": [0, 0, 0.4, 3.5], "texture": "#3"},
				"west": {"uv": [0, 0, 4.5, 3.5], "texture": "#3"},
				"up": {"uv": [0, 0, 0.4, 4.5], "texture": "#3"},
				"down": {"uv": [0, 0, 0.4, 4.5], "texture": "#3"}
			}
		},
		{
			"from": [0, 1, 16],
			"to": [7, 4.5, 16.4],
			"faces": {
				"north": {"uv": [0, 0, 7, 3.5], "texture": "#missing"},
				"east": {"uv": [0, 0, 0.4, 3.5], "texture": "#3"},
				"south": {"uv": [0, 0, 7, 3.5], "texture": "#3"},
				"west": {"uv": [0, 0, 0.4, 3.5], "texture": "#3"},
				"up": {"uv": [0, 0, 0.4, 7], "rotation": 270, "texture": "#3"},
				"down": {"uv": [0, 0, 0.4, 7], "rotation": 90, "texture": "#3"}
			}
		},
		{
			"from": [3.5, 5, 16],
			"to": [11, 8.5, 16.4],
			"faces": {
				"north": {"uv": [0, 0, 7.5, 3.5], "texture": "#missing"},
				"east": {"uv": [0, 0, 0.4, 3.5], "texture": "#3"},
				"south": {"uv": [0, 0, 7.5, 3.5], "texture": "#3"},
				"west": {"uv": [0, 0, 0.4, 3.5], "texture": "#3"},
				"up": {"uv": [0, 0, 0.4, 7.5], "rotation": 270, "texture": "#3"},
				"down": {"uv": [0, 0, 0.4, 7.5], "rotation": 90, "texture": "#3"}
			}
		},
		{
			"from": [0, 5, 16],
			"to": [3, 8.5, 16.4],
			"faces": {
				"north": {"uv": [0, 0, 3, 3.5], "texture": "#missing"},
				"east": {"uv": [0, 0, 0.4, 3.5], "texture": "#3"},
				"south": {"uv": [0, 0, 3, 3.5], "texture": "#3"},
				"west": {"uv": [0, 0, 0.4, 3.5], "texture": "#3"},
				"up": {"uv": [0, 0, 0.4, 3], "rotation": 270, "texture": "#3"},
				"down": {"uv": [0, 0, 0.4, 3], "rotation": 90, "texture": "#3"}
			}
		},
		{
			"from": [7.5, 1, 16],
			"to": [15, 4.5, 16.4],
			"faces": {
				"north": {"uv": [0, 0, 7.5, 3.5], "texture": "#missing"},
				"east": {"uv": [0, 0, 0.4, 3.5], "texture": "#3"},
				"south": {"uv": [0, 0, 7.5, 3.5], "texture": "#3"},
				"west": {"uv": [0, 0, 0.4, 3.5], "texture": "#3"},
				"up": {"uv": [0, 0, 0.4, 7.5], "rotation": 270, "texture": "#3"},
				"down": {"uv": [0, 0, 0.4, 7.5], "rotation": 90, "texture": "#3"}
			}
		},
		{
			"from": [7.5, 9, 16],
			"to": [15, 12.5, 16.4],
			"faces": {
				"north": {"uv": [0, 0, 7.5, 3.5], "texture": "#missing"},
				"east": {"uv": [0, 0, 0.4, 3.5], "texture": "#3"},
				"south": {"uv": [0, 0, 7.5, 3.5], "texture": "#3"},
				"west": {"uv": [0, 0, 0.4, 3.5], "texture": "#3"},
				"up": {"uv": [0, 0, 0.4, 7.5], "rotation": 270, "texture": "#3"},
				"down": {"uv": [0, 0, 0.4, 7.5], "rotation": 90, "texture": "#3"}
			}
		},
		{
			"from": [0, 9, 16],
			"to": [7, 12.5, 16.4],
			"faces": {
				"north": {"uv": [0, 0, 7, 3.5], "texture": "#missing"},
				"east": {"uv": [0, 0, 0.4, 3.5], "texture": "#3"},
				"south": {"uv": [0, 0, 7, 3.5], "texture": "#3"},
				"west": {"uv": [0, 0, 0.4, 3.5], "texture": "#3"},
				"up": {"uv": [0, 0, 0.4, 7], "rotation": 270, "texture": "#3"},
				"down": {"uv": [0, 0, 0.4, 7], "rotation": 90, "texture": "#3"}
			}
		},
		{
			"from": [0, 13, 16],
			"to": [3, 16, 16.4],
			"faces": {
				"north": {"uv": [0, 0, 3, 3], "texture": "#missing"},
				"east": {"uv": [0, 0, 0.4, 3], "texture": "#3"},
				"south": {"uv": [0, 0, 3, 3], "texture": "#3"},
				"west": {"uv": [0, 0, 0.4, 3], "texture": "#3"},
				"up": {"uv": [0, 0, 0.4, 3], "rotation": 270, "texture": "#3"},
				"down": {"uv": [0, 0, 0.4, 3], "rotation": 90, "texture": "#3"}
			}
		},
		{
			"from": [0, 0, 16],
			"to": [3, 0.5, 16.4],
			"faces": {
				"north": {"uv": [0, 0, 3, 0.5], "texture": "#missing"},
				"east": {"uv": [0, 0, 0.4, 0.5], "texture": "#3"},
				"south": {"uv": [0, 0, 3, 0.5], "texture": "#3"},
				"west": {"uv": [0, 0, 0.4, 0.5], "texture": "#3"},
				"up": {"uv": [0, 0, 0.4, 3], "rotation": 270, "texture": "#3"},
				"down": {"uv": [0, 0, 0.4, 3], "rotation": 90, "texture": "#3"}
			}
		},
		{
			"from": [11.5, 13, 16],
			"to": [16, 16, 16.4],
			"faces": {
				"north": {"uv": [0, 0, 4.5, 3], "texture": "#missing"},
				"east": {"uv": [0, 0, 0.4, 3], "texture": "#3"},
				"south": {"uv": [0, 0, 4.5, 3], "texture": "#3"},
				"west": {"uv": [0, 0, 0.4, 3], "texture": "#3"},
				"up": {"uv": [0, 0, 0.4, 4.5], "rotation": 270, "texture": "#3"},
				"down": {"uv": [0, 0, 0.4, 4.5], "rotation": 90, "texture": "#3"}
			}
		},
		{
			"from": [11.5, 0, 16],
			"to": [16, 0.5, 16.4],
			"faces": {
				"north": {"uv": [0, 0, 4.5, 0.5], "texture": "#missing"},
				"east": {"uv": [0, 0, 0.4, 0.5], "texture": "#3"},
				"south": {"uv": [0, 0, 4.5, 0.5], "texture": "#3"},
				"west": {"uv": [0, 0, 0.4, 0.5], "texture": "#3"},
				"up": {"uv": [0, 0, 0.4, 4.5], "rotation": 270, "texture": "#3"},
				"down": {"uv": [0, 0, 0.4, 4.5], "rotation": 90, "texture": "#3"}
			}
		},
		{
			"from": [15.5, 9, 16],
			"to": [16, 12.5, 16.4],
			"faces": {
				"north": {"uv": [0, 0, 0.5, 3.5], "texture": "#missing"},
				"east": {"uv": [0, 0, 0.4, 3.5], "texture": "#3"},
				"south": {"uv": [0, 0, 0.5, 3.5], "texture": "#3"},
				"west": {"uv": [0, 0, 0.4, 3.5], "texture": "#3"},
				"up": {"uv": [0, 0, 0.4, 0.5], "rotation": 270, "texture": "#3"},
				"down": {"uv": [0, 0, 0.4, 0.5], "rotation": 90, "texture": "#3"}
			}
		},
		{
			"from": [15.5, 1, 16],
			"to": [16, 4.5, 16.4],
			"faces": {
				"north": {"uv": [0, 0, 0.5, 3.5], "texture": "#missing"},
				"east": {"uv": [0, 0, 0.4, 3.5], "texture": "#3"},
				"south": {"uv": [0, 0, 0.5, 3.5], "texture": "#3"},
				"west": {"uv": [0, 0, 0.4, 3.5], "texture": "#3"},
				"up": {"uv": [0, 0, 0.4, 0.5], "rotation": 270, "texture": "#3"},
				"down": {"uv": [0, 0, 0.4, 0.5], "rotation": 90, "texture": "#3"}
			}
		},
		{
			"from": [3.5, 13, 16],
			"to": [11, 16, 16.4],
			"faces": {
				"north": {"uv": [0, 0, 7.5, 3], "texture": "#missing"},
				"east": {"uv": [0, 0, 0.4, 3], "texture": "#3"},
				"south": {"uv": [0, 0, 7.5, 3], "texture": "#3"},
				"west": {"uv": [0, 0, 0.4, 3], "texture": "#3"},
				"up": {"uv": [0, 0, 0.4, 7.5], "rotation": 270, "texture": "#3"},
				"down": {"uv": [0, 0, 0.4, 7.5], "rotation": 90, "texture": "#3"}
			}
		},
		{
			"from": [3.5, 0, 16],
			"to": [11, 0.5, 16.4],
			"faces": {
				"north": {"uv": [0, 0, 7.5, 0.5], "texture": "#missing"},
				"east": {"uv": [0, 0, 0.4, 0.5], "texture": "#3"},
				"south": {"uv": [0, 0, 7.5, 0.5], "texture": "#3"},
				"west": {"uv": [0, 0, 0.4, 0.5], "texture": "#3"},
				"up": {"uv": [0, 0, 0.4, 7.5], "rotation": 270, "texture": "#3"},
				"down": {"uv": [0, 0, 0.4, 7.5], "rotation": 90, "texture": "#3"}
			}
		},
		{
			"from": [11.5, 5, 16],
			"to": [16, 8.5, 16.4],
			"faces": {
				"north": {"uv": [0, 0, 4.5, 3.5], "texture": "#missing"},
				"east": {"uv": [0, 0, 0.4, 3.5], "texture": "#3"},
				"south": {"uv": [0, 0, 4.5, 3.5], "texture": "#3"},
				"west": {"uv": [0, 0, 0.4, 3.5], "texture": "#3"},
				"up": {"uv": [0, 0, 0.4, 4.5], "rotation": 270, "texture": "#3"},
				"down": {"uv": [0, 0, 0.4, 4.5], "rotation": 90, "texture": "#3"}
			}
		},
		{
			"from": [11.5, -0.4, 0],
			"to": [15, 0, 7],
			"faces": {
				"north": {"uv": [0, 0, 0.4, 3.5], "rotation": 90, "texture": "#3"},
				"east": {"uv": [0, 0, 0.4, 7], "rotation": 270, "texture": "#3"},
				"south": {"uv": [0, 0, 0.4, 3.5], "rotation": 270, "texture": "#3"},
				"west": {"uv": [0, 0, 0.4, 7], "rotation": 270, "texture": "#3"},
				"up": {"uv": [0, 0, 7, 3.5], "rotation": 270, "texture": "#missing"},
				"down": {"uv": [0, 0, 7, 3.5], "rotation": 270, "texture": "#3"}
			}
		},
		{
			"from": [7.5, -0.4, 3.5],
			"to": [11, 0, 11],
			"faces": {
				"north": {"uv": [0, 0, 0.4, 3.5], "rotation": 90, "texture": "#3"},
				"east": {"uv": [0, 0, 0.4, 7.5], "rotation": 270, "texture": "#3"},
				"south": {"uv": [0, 0, 0.4, 3.5], "rotation": 270, "texture": "#3"},
				"west": {"uv": [0, 0, 0.4, 7.5], "rotation": 270, "texture": "#3"},
				"up": {"uv": [0, 0, 7.5, 3.5], "rotation": 270, "texture": "#missing"},
				"down": {"uv": [0, 0, 7.5, 3.5], "rotation": 270, "texture": "#3"}
			}
		},
		{
			"from": [7.5, -0.4, 0],
			"to": [11, 0, 3],
			"faces": {
				"north": {"uv": [0, 0, 0.4, 3.5], "rotation": 90, "texture": "#3"},
				"east": {"uv": [0, 0, 0.4, 3], "rotation": 270, "texture": "#3"},
				"south": {"uv": [0, 0, 0.4, 3.5], "rotation": 270, "texture": "#3"},
				"west": {"uv": [0, 0, 0.4, 3], "rotation": 270, "texture": "#3"},
				"up": {"uv": [0, 0, 3, 3.5], "rotation": 270, "texture": "#missing"},
				"down": {"uv": [0, 0, 3, 3.5], "rotation": 270, "texture": "#3"}
			}
		},
		{
			"from": [11.5, -0.4, 7.5],
			"to": [15, 0, 15],
			"faces": {
				"north": {"uv": [0, 0, 0.4, 3.5], "rotation": 90, "texture": "#3"},
				"east": {"uv": [0, 0, 0.4, 7.5], "rotation": 270, "texture": "#3"},
				"south": {"uv": [0, 0, 0.4, 3.5], "rotation": 270, "texture": "#3"},
				"west": {"uv": [0, 0, 0.4, 7.5], "rotation": 270, "texture": "#3"},
				"up": {"uv": [0, 0, 7.5, 3.5], "rotation": 270, "texture": "#missing"},
				"down": {"uv": [0, 0, 7.5, 3.5], "rotation": 270, "texture": "#3"}
			}
		},
		{
			"from": [3.5, -0.4, 7.5],
			"to": [7, 0, 15],
			"faces": {
				"north": {"uv": [0, 0, 0.4, 3.5], "rotation": 90, "texture": "#3"},
				"east": {"uv": [0, 0, 0.4, 7.5], "rotation": 270, "texture": "#3"},
				"south": {"uv": [0, 0, 0.4, 3.5], "rotation": 270, "texture": "#3"},
				"west": {"uv": [0, 0, 0.4, 7.5], "rotation": 270, "texture": "#3"},
				"up": {"uv": [0, 0, 7.5, 3.5], "rotation": 270, "texture": "#missing"},
				"down": {"uv": [0, 0, 7.5, 3.5], "rotation": 270, "texture": "#3"}
			}
		},
		{
			"from": [3.5, -0.4, 0],
			"to": [7, 0, 7],
			"faces": {
				"north": {"uv": [0, 0, 0.4, 3.5], "rotation": 90, "texture": "#3"},
				"east": {"uv": [0, 0, 0.4, 7], "rotation": 270, "texture": "#3"},
				"south": {"uv": [0, 0, 0.4, 3.5], "rotation": 270, "texture": "#3"},
				"west": {"uv": [0, 0, 0.4, 7], "rotation": 270, "texture": "#3"},
				"up": {"uv": [0, 0, 7, 3.5], "rotation": 270, "texture": "#missing"},
				"down": {"uv": [0, 0, 7, 3.5], "rotation": 270, "texture": "#3"}
			}
		},
		{
			"from": [0, -0.4, 0],
			"to": [3, 0, 3],
			"faces": {
				"north": {"uv": [0, 0, 0.4, 3], "rotation": 90, "texture": "#3"},
				"east": {"uv": [0, 0, 0.4, 3], "rotation": 270, "texture": "#3"},
				"south": {"uv": [0, 0, 0.4, 3], "rotation": 270, "texture": "#3"},
				"west": {"uv": [0, 0, 0.4, 3], "rotation": 270, "texture": "#3"},
				"up": {"uv": [0, 0, 3, 3], "rotation": 270, "texture": "#missing"},
				"down": {"uv": [0, 0, 3, 3], "rotation": 270, "texture": "#3"}
			}
		},
		{
			"from": [15.5, -0.4, 0],
			"to": [16, 0, 3],
			"faces": {
				"north": {"uv": [0, 0, 0.4, 0.5], "rotation": 90, "texture": "#3"},
				"east": {"uv": [0, 0, 0.4, 3], "rotation": 270, "texture": "#3"},
				"south": {"uv": [0, 0, 0.4, 0.5], "rotation": 270, "texture": "#3"},
				"west": {"uv": [0, 0, 0.4, 3], "rotation": 270, "texture": "#3"},
				"up": {"uv": [0, 0, 3, 0.5], "rotation": 270, "texture": "#missing"},
				"down": {"uv": [0, 0, 3, 0.5], "rotation": 270, "texture": "#3"}
			}
		},
		{
			"from": [0, -0.4, 11.5],
			"to": [3, 0, 16],
			"faces": {
				"north": {"uv": [0, 0, 0.4, 3], "rotation": 90, "texture": "#3"},
				"east": {"uv": [0, 0, 0.4, 4.5], "rotation": 270, "texture": "#3"},
				"south": {"uv": [0, 0, 0.4, 3], "rotation": 270, "texture": "#3"},
				"west": {"uv": [0, 0, 0.4, 4.5], "rotation": 270, "texture": "#3"},
				"up": {"uv": [0, 0, 4.5, 3], "rotation": 270, "texture": "#missing"},
				"down": {"uv": [0, 0, 4.5, 3], "rotation": 270, "texture": "#3"}
			}
		},
		{
			"from": [15.5, -0.4, 11.5],
			"to": [16, 0, 16],
			"faces": {
				"north": {"uv": [0, 0, 0.4, 0.5], "rotation": 90, "texture": "#3"},
				"east": {"uv": [0, 0, 0.4, 4.5], "rotation": 270, "texture": "#3"},
				"south": {"uv": [0, 0, 0.4, 0.5], "rotation": 270, "texture": "#3"},
				"west": {"uv": [0, 0, 0.4, 4.5], "rotation": 270, "texture": "#3"},
				"up": {"uv": [0, 0, 4.5, 0.5], "rotation": 270, "texture": "#missing"},
				"down": {"uv": [0, 0, 4.5, 0.5], "rotation": 270, "texture": "#3"}
			}
		},
		{
			"from": [3.5, -0.4, 15.5],
			"to": [7, 0, 16],
			"faces": {
				"north": {"uv": [0, 0, 0.4, 3.5], "rotation": 90, "texture": "#3"},
				"east": {"uv": [0, 0, 0.4, 0.5], "rotation": 270, "texture": "#3"},
				"south": {"uv": [0, 0, 0.4, 3.5], "rotation": 270, "texture": "#3"},
				"west": {"uv": [0, 0, 0.4, 0.5], "rotation": 270, "texture": "#3"},
				"up": {"uv": [0, 0, 0.5, 3.5], "rotation": 270, "texture": "#missing"},
				"down": {"uv": [0, 0, 0.5, 3.5], "rotation": 270, "texture": "#3"}
			}
		},
		{
			"from": [11.5, -0.4, 15.5],
			"to": [15, 0, 16],
			"faces": {
				"north": {"uv": [0, 0, 0.4, 3.5], "rotation": 90, "texture": "#3"},
				"east": {"uv": [0, 0, 0.4, 0.5], "rotation": 270, "texture": "#3"},
				"south": {"uv": [0, 0, 0.4, 3.5], "rotation": 270, "texture": "#3"},
				"west": {"uv": [0, 0, 0.4, 0.5], "rotation": 270, "texture": "#3"},
				"up": {"uv": [0, 0, 0.5, 3.5], "rotation": 270, "texture": "#missing"},
				"down": {"uv": [0, 0, 0.5, 3.5], "rotation": 270, "texture": "#3"}
			}
		},
		{
			"from": [0, -0.4, 3.5],
			"to": [3, 0, 11],
			"faces": {
				"north": {"uv": [0, 0, 0.4, 3], "rotation": 90, "texture": "#3"},
				"east": {"uv": [0, 0, 0.4, 7.5], "rotation": 270, "texture": "#3"},
				"south": {"uv": [0, 0, 0.4, 3], "rotation": 270, "texture": "#3"},
				"west": {"uv": [0, 0, 0.4, 7.5], "rotation": 270, "texture": "#3"},
				"up": {"uv": [0, 0, 7.5, 3], "rotation": 270, "texture": "#missing"},
				"down": {"uv": [0, 0, 7.5, 3], "rotation": 270, "texture": "#3"}
			}
		},
		{
			"from": [15.5, -0.4, 3.5],
			"to": [16, 0, 11],
			"faces": {
				"north": {"uv": [0, 0, 0.4, 0.5], "rotation": 90, "texture": "#3"},
				"east": {"uv": [0, 0, 0.4, 7.5], "rotation": 270, "texture": "#3"},
				"south": {"uv": [0, 0, 0.4, 0.5], "rotation": 270, "texture": "#3"},
				"west": {"uv": [0, 0, 0.4, 7.5], "rotation": 270, "texture": "#3"},
				"up": {"uv": [0, 0, 7.5, 0.5], "rotation": 270, "texture": "#missing"},
				"down": {"uv": [0, 0, 7.5, 0.5], "rotation": 270, "texture": "#3"}
			}
		},
		{
			"from": [7.5, -0.4, 11.5],
			"to": [11, 0, 16],
			"faces": {
				"north": {"uv": [0, 0, 0.4, 3.5], "rotation": 90, "texture": "#3"},
				"east": {"uv": [0, 0, 0.4, 4.5], "rotation": 270, "texture": "#3"},
				"south": {"uv": [0, 0, 0.4, 3.5], "rotation": 270, "texture": "#3"},
				"west": {"uv": [0, 0, 0.4, 4.5], "rotation": 270, "texture": "#3"},
				"up": {"uv": [0, 0, 4.5, 3.5], "rotation": 270, "texture": "#missing"},
				"down": {"uv": [0, 0, 4.5, 3.5], "rotation": 270, "texture": "#3"}
			}
		},
		{
			"from": [1, 16, 0],
			"to": [4.5, 16.4, 7],
			"faces": {
				"north": {"uv": [0, 0, 0.4, 3.5], "rotation": 270, "texture": "#3"},
				"east": {"uv": [0, 0, 0.4, 7], "rotation": 90, "texture": "#3"},
				"south": {"uv": [0, 0, 0.4, 3.5], "rotation": 90, "texture": "#3"},
				"west": {"uv": [0, 0, 0.4, 7], "rotation": 90, "texture": "#3"},
				"up": {"uv": [0, 0, 7, 3.5], "rotation": 90, "texture": "#3"},
				"down": {"uv": [0, 0, 7, 3.5], "rotation": 90, "texture": "#missing"}
			}
		},
		{
			"from": [5, 16, 3.5],
			"to": [8.5, 16.4, 11],
			"faces": {
				"north": {"uv": [0, 0, 0.4, 3.5], "rotation": 270, "texture": "#3"},
				"east": {"uv": [0, 0, 0.4, 7.5], "rotation": 90, "texture": "#3"},
				"south": {"uv": [0, 0, 0.4, 3.5], "rotation": 90, "texture": "#3"},
				"west": {"uv": [0, 0, 0.4, 7.5], "rotation": 90, "texture": "#3"},
				"up": {"uv": [0, 0, 7.5, 3.5], "rotation": 90, "texture": "#3"},
				"down": {"uv": [0, 0, 7.5, 3.5], "rotation": 90, "texture": "#missing"}
			}
		},
		{
			"from": [5, 16, 0],
			"to": [8.5, 16.4, 3],
			"faces": {
				"north": {"uv": [0, 0, 0.4, 3.5], "rotation": 270, "texture": "#3"},
				"east": {"uv": [0, 0, 0.4, 3], "rotation": 90, "texture": "#3"},
				"south": {"uv": [0, 0, 0.4, 3.5], "rotation": 90, "texture": "#3"},
				"west": {"uv": [0, 0, 0.4, 3], "rotation": 90, "texture": "#3"},
				"up": {"uv": [0, 0, 3, 3.5], "rotation": 90, "texture": "#3"},
				"down": {"uv": [0, 0, 3, 3.5], "rotation": 90, "texture": "#missing"}
			}
		},
		{
			"from": [1, 16, 7.5],
			"to": [4.5, 16.4, 15],
			"faces": {
				"north": {"uv": [0, 0, 0.4, 3.5], "rotation": 270, "texture": "#3"},
				"east": {"uv": [0, 0, 0.4, 7.5], "rotation": 90, "texture": "#3"},
				"south": {"uv": [0, 0, 0.4, 3.5], "rotation": 90, "texture": "#3"},
				"west": {"uv": [0, 0, 0.4, 7.5], "rotation": 90, "texture": "#3"},
				"up": {"uv": [0, 0, 7.5, 3.5], "rotation": 90, "texture": "#3"},
				"down": {"uv": [0, 0, 7.5, 3.5], "rotation": 90, "texture": "#missing"}
			}
		},
		{
			"from": [9, 16, 7.5],
			"to": [12.5, 16.4, 15],
			"faces": {
				"north": {"uv": [0, 0, 0.4, 3.5], "rotation": 270, "texture": "#3"},
				"east": {"uv": [0, 0, 0.4, 7.5], "rotation": 90, "texture": "#3"},
				"south": {"uv": [0, 0, 0.4, 3.5], "rotation": 90, "texture": "#3"},
				"west": {"uv": [0, 0, 0.4, 7.5], "rotation": 90, "texture": "#3"},
				"up": {"uv": [0, 0, 7.5, 3.5], "rotation": 90, "texture": "#3"},
				"down": {"uv": [0, 0, 7.5, 3.5], "rotation": 90, "texture": "#missing"}
			}
		},
		{
			"from": [9, 16, 0],
			"to": [12.5, 16.4, 7],
			"faces": {
				"north": {"uv": [0, 0, 0.4, 3.5], "rotation": 270, "texture": "#3"},
				"east": {"uv": [0, 0, 0.4, 7], "rotation": 90, "texture": "#3"},
				"south": {"uv": [0, 0, 0.4, 3.5], "rotation": 90, "texture": "#3"},
				"west": {"uv": [0, 0, 0.4, 7], "rotation": 90, "texture": "#3"},
				"up": {"uv": [0, 0, 7, 3.5], "rotation": 90, "texture": "#3"},
				"down": {"uv": [0, 0, 7, 3.5], "rotation": 90, "texture": "#missing"}
			}
		},
		{
			"from": [13, 16, 0],
			"to": [16, 16.4, 3],
			"faces": {
				"north": {"uv": [0, 0, 0.4, 3], "rotation": 270, "texture": "#3"},
				"east": {"uv": [0, 0, 0.4, 3], "rotation": 90, "texture": "#3"},
				"south": {"uv": [0, 0, 0.4, 3], "rotation": 90, "texture": "#3"},
				"west": {"uv": [0, 0, 0.4, 3], "rotation": 90, "texture": "#3"},
				"up": {"uv": [0, 0, 3, 3], "rotation": 90, "texture": "#3"},
				"down": {"uv": [0, 0, 3, 3], "rotation": 90, "texture": "#missing"}
			}
		},
		{
			"from": [0, 16, 0],
			"to": [0.5, 16.4, 3],
			"faces": {
				"north": {"uv": [0, 0, 0.4, 0.5], "rotation": 270, "texture": "#3"},
				"east": {"uv": [0, 0, 0.4, 3], "rotation": 90, "texture": "#3"},
				"south": {"uv": [0, 0, 0.4, 0.5], "rotation": 90, "texture": "#3"},
				"west": {"uv": [0, 0, 0.4, 3], "rotation": 90, "texture": "#3"},
				"up": {"uv": [0, 0, 3, 0.5], "rotation": 90, "texture": "#3"},
				"down": {"uv": [0, 0, 3, 0.5], "rotation": 90, "texture": "#missing"}
			}
		},
		{
			"from": [13, 16, 11.5],
			"to": [16, 16.4, 16],
			"faces": {
				"north": {"uv": [0, 0, 0.4, 3], "rotation": 270, "texture": "#3"},
				"east": {"uv": [0, 0, 0.4, 4.5], "rotation": 90, "texture": "#3"},
				"south": {"uv": [0, 0, 0.4, 3], "rotation": 90, "texture": "#3"},
				"west": {"uv": [0, 0, 0.4, 4.5], "rotation": 90, "texture": "#3"},
				"up": {"uv": [0, 0, 4.5, 3], "rotation": 90, "texture": "#3"},
				"down": {"uv": [0, 0, 4.5, 3], "rotation": 90, "texture": "#missing"}
			}
		},
		{
			"from": [0, 16, 11.5],
			"to": [0.5, 16.4, 16],
			"faces": {
				"north": {"uv": [0, 0, 0.4, 0.5], "rotation": 270, "texture": "#3"},
				"east": {"uv": [0, 0, 0.4, 4.5], "rotation": 90, "texture": "#3"},
				"south": {"uv": [0, 0, 0.4, 0.5], "rotation": 90, "texture": "#3"},
				"west": {"uv": [0, 0, 0.4, 4.5], "rotation": 90, "texture": "#3"},
				"up": {"uv": [0, 0, 4.5, 0.5], "rotation": 90, "texture": "#3"},
				"down": {"uv": [0, 0, 4.5, 0.5], "rotation": 90, "texture": "#missing"}
			}
		},
		{
			"from": [9, 16, 15.5],
			"to": [12.5, 16.4, 16],
			"faces": {
				"north": {"uv": [0, 0, 0.4, 3.5], "rotation": 270, "texture": "#3"},
				"east": {"uv": [0, 0, 0.4, 0.5], "rotation": 90, "texture": "#3"},
				"south": {"uv": [0, 0, 0.4, 3.5], "rotation": 90, "texture": "#3"},
				"west": {"uv": [0, 0, 0.4, 0.5], "rotation": 90, "texture": "#3"},
				"up": {"uv": [0, 0, 0.5, 3.5], "rotation": 90, "texture": "#3"},
				"down": {"uv": [0, 0, 0.5, 3.5], "rotation": 90, "texture": "#missing"}
			}
		},
		{
			"from": [1, 16, 15.5],
			"to": [4.5, 16.4, 16],
			"faces": {
				"north": {"uv": [0, 0, 0.4, 3.5], "rotation": 270, "texture": "#3"},
				"east": {"uv": [0, 0, 0.4, 0.5], "rotation": 90, "texture": "#3"},
				"south": {"uv": [0, 0, 0.4, 3.5], "rotation": 90, "texture": "#3"},
				"west": {"uv": [0, 0, 0.4, 0.5], "rotation": 90, "texture": "#3"},
				"up": {"uv": [0, 0, 0.5, 3.5], "rotation": 90, "texture": "#3"},
				"down": {"uv": [0, 0, 0.5, 3.5], "rotation": 90, "texture": "#missing"}
			}
		},
		{
			"from": [13, 16, 3.5],
			"to": [16, 16.4, 11],
			"faces": {
				"north": {"uv": [0, 0, 0.4, 3], "rotation": 270, "texture": "#3"},
				"east": {"uv": [0, 0, 0.4, 7.5], "rotation": 90, "texture": "#3"},
				"south": {"uv": [0, 0, 0.4, 3], "rotation": 90, "texture": "#3"},
				"west": {"uv": [0, 0, 0.4, 7.5], "rotation": 90, "texture": "#3"},
				"up": {"uv": [0, 0, 7.5, 3], "rotation": 90, "texture": "#3"},
				"down": {"uv": [0, 0, 7.5, 3], "rotation": 90, "texture": "#missing"}
			}
		},
		{
			"from": [0, 16, 3.5],
			"to": [0.5, 16.4, 11],
			"faces": {
				"north": {"uv": [0, 0, 0.4, 0.5], "rotation": 270, "texture": "#3"},
				"east": {"uv": [0, 0, 0.4, 7.5], "rotation": 90, "texture": "#3"},
				"south": {"uv": [0, 0, 0.4, 0.5], "rotation": 90, "texture": "#3"},
				"west": {"uv": [0, 0, 0.4, 7.5], "rotation": 90, "texture": "#3"},
				"up": {"uv": [0, 0, 7.5, 0.5], "rotation": 90, "texture": "#3"},
				"down": {"uv": [0, 0, 7.5, 0.5], "rotation": 90, "texture": "#missing"}
			}
		},
		{
			"from": [5, 16, 11.5],
			"to": [8.5, 16.4, 16],
			"faces": {
				"north": {"uv": [0, 0, 0.4, 3.5], "rotation": 270, "texture": "#3"},
				"east": {"uv": [0, 0, 0.4, 4.5], "rotation": 90, "texture": "#3"},
				"south": {"uv": [0, 0, 0.4, 3.5], "rotation": 90, "texture": "#3"},
				"west": {"uv": [0, 0, 0.4, 4.5], "rotation": 90, "texture": "#3"},
				"up": {"uv": [0, 0, 4.5, 3.5], "rotation": 90, "texture": "#3"},
				"down": {"uv": [0, 0, 4.5, 3.5], "rotation": 90, "texture": "#missing"}
			}
		}
	],
	"groups": [0,
		{
			"name": "BRICKS",
			"origin": [8, 8, 8],
			"children": [1, 2, 3, 4, 5, 6, 7, 8, 9, 10, 11, 12, 13, 14, 15]
		},
		{
			"name": "BRICKS",
			"origin": [8, 8, 8],
			"children": [16, 17, 18, 19, 20, 21, 22, 23, 24, 25, 26, 27, 28, 29, 30]
		},
		{
			"name": "BRICKS",
			"origin": [8, 8, 8],
			"children": [31, 32, 33, 34, 35, 36, 37, 38, 39, 40, 41, 42, 43, 44, 45]
		},
		{
			"name": "BRICKS",
			"origin": [8, 8, 8],
			"children": [46, 47, 48, 49, 50, 51, 52, 53, 54, 55, 56, 57, 58, 59, 60]
		},
		{
			"name": "BRICKS",
			"origin": [8, 8, 8],
			"children": [61, 62, 63, 64, 65, 66, 67, 68, 69, 70, 71, 72, 73, 74, 75]
		},
		{
			"name": "BRICKS",
			"origin": [8, 8, 8],
			"children": [76, 77, 78, 79, 80, 81, 82, 83, 84, 85, 86, 87, 88, 89, 90]
		}
	],
	"display": {
        "gui": {
            "rotation": [ 30, 225, 0 ],
            "translation": [ 0, 0, 0],
            "scale":[ 0.625, 0.625, 0.625 ]
        },
        "ground": {
            "rotation": [ 0, 0, 0 ],
            "translation": [ 0, 3, 0],
            "scale":[ 0.25, 0.25, 0.25 ]
        },
        "fixed": {
            "rotation": [ 0, 0, 0 ],
            "translation": [ 0, 0, 0],
            "scale":[ 0.5, 0.5, 0.5 ]
        },
        "thirdperson_righthand": {
            "rotation": [ 75, 45, 0 ],
            "translation": [ 0, 2.5, 0],
            "scale": [ 0.375, 0.375, 0.375 ]
        },
        "firstperson_righthand": {
            "rotation": [ 0, 45, 0 ],
            "translation": [ 0, 0, 0 ],
            "scale": [ 0.40, 0.40, 0.40 ]
        },
        "firstperson_lefthand": {
            "rotation": [ 0, 225, 0 ],
            "translation": [ 0, 0, 0 ],
            "scale": [ 0.40, 0.40, 0.40 ]
        }
	}
}