{
	"credit": "Made with Blockbench",
	"textures": {
		"0": "block/oak_planks",
		"2": "block/cmodels/oak",
		"3": "block/cmodels/metal",
		"4": "block/cmodels/oaktop",
		"5": "block/birch_planks",
		"particle": "block/oak_planks"
	},
	"elements": [
		{
			"from": [-0.5, 1, -0.5],
			"to": [16.5, 16, 16.5],
			"faces": {
				"north": {"uv": [0, 0, 15.993, 15.993], "texture": "#0"},
				"east": {"uv": [0, 0, 15.227, 15.258], "texture": "#0"},
				"south": {"uv": [0, 0, 15.227, 15.258], "texture": "#0"},
				"west": {"uv": [0, 1, 15.226, 15.25], "texture": "#0"},
				"up": {"uv": [0, 0, 15.227, 15.227], "texture": "#missing"},
				"down": {"uv": [0, 0, 15.227, 15.227], "texture": "#missing"}
			}
		},
		{
			"from": [7.5, 1, 16.5],
			"to": [9, 16, 16.8],
			"faces": {
				"north": {"uv": [0, 0, 2.226, 15.25], "texture": "#missing"},
				"east": {"uv": [0, 0, 2.226, 15.258], "texture": "#2"},
				"south": {"uv": [0, 0, 2.225, 15.257], "texture": "#2"},
				"west": {"uv": [0, 0, 2.226, 15.258], "texture": "#2"},
				"up": {"uv": [0, 0, 2.226, 15.227], "rotation": 90, "texture": "#missing"},
				"down": {"uv": [0, 0, 2.226, 15.227], "rotation": 270, "texture": "#missing"}
			}
		},
		{
			"from": [16.5, 1, 7],
			"to": [16.8, 16, 8.5],
			"faces": {
				"north": {"uv": [0, 0, 2.226, 15.258], "texture": "#2"},
				"east": {"uv": [0, 0, 2.225, 15.257], "texture": "#2"},
				"south": {"uv": [0, 0, 2.226, 15.258], "texture": "#2"},
				"west": {"uv": [0, 0, 2.226, 15.25], "texture": "#missing"},
				"up": {"uv": [0, 0, 2.226, 15.227], "texture": "#missing"},
				"down": {"uv": [0, 0, 2.226, 15.227], "texture": "#missing"}
			}
		},
		{
			"from": [7, 1, -0.8],
			"to": [8.5, 16, -0.5],
			"faces": {
				"north": {"uv": [0, 0, 2.225, 15.257], "texture": "#2"},
				"east": {"uv": [0, 0, 2.226, 15.258], "texture": "#2"},
				"south": {"uv": [0, 0, 2.226, 15.25], "texture": "#missing"},
				"west": {"uv": [0, 0, 2.226, 15.258], "texture": "#2"},
				"up": {"uv": [0, 0, 2.226, 15.227], "rotation": 270, "texture": "#missing"},
				"down": {"uv": [0, 0, 2.226, 15.227], "rotation": 90, "texture": "#missing"}
			}
		},
		{
			"from": [-0.8, 1, 7.5],
			"to": [-0.5, 16, 9],
			"faces": {
				"north": {"uv": [0, 0, 2.226, 15.258], "texture": "#2"},
				"east": {"uv": [0, 0, 2.226, 15.25], "texture": "#missing"},
				"south": {"uv": [0, 0, 2.226, 15.258], "texture": "#2"},
				"west": {"uv": [0, 0, 2.225, 15.257], "texture": "#2"},
				"up": {"uv": [0, 0, 2.226, 15.227], "rotation": 180, "texture": "#missing"},
				"down": {"uv": [0, 0, 2.226, 15.227], "rotation": 180, "texture": "#missing"}
			}
		},
		{
			"from": [-0.5, 1, 16.5],
			"to": [1.5, 16, 16.8],
			"faces": {
				"north": {"uv": [0, 0, 3.226, 15.25], "texture": "#missing"},
				"east": {"uv": [0, 0, 3.226, 15.258], "texture": "#2"},
				"south": {"uv": [0, 0, 3.773, 15.992], "texture": "#2"},
				"west": {"uv": [0, 0, 3.226, 15.258], "texture": "#2"},
				"up": {"uv": [0, 0, 3.226, 15.227], "rotation": 90, "texture": "#missing"},
				"down": {"uv": [0, 0, 3.226, 15.227], "rotation": 270, "texture": "#missing"}
			}
		},
		{
			"from": [16.5, 1, 14.5],
			"to": [16.8, 16, 16.5],
			"faces": {
				"north": {"uv": [0, 0, 3.226, 15.258], "texture": "#2"},
				"east": {"uv": [0, 0, 3.773, 15.992], "texture": "#2"},
				"south": {"uv": [0, 0, 3.226, 15.258], "texture": "#2"},
				"west": {"uv": [0, 0, 3.226, 15.25], "texture": "#missing"},
				"up": {"uv": [0, 0, 3.226, 15.227], "texture": "#missing"},
				"down": {"uv": [0, 0, 3.226, 15.227], "texture": "#missing"}
			}
		},
		{
			"from": [14.5, 1, -0.8],
			"to": [16.5, 16, -0.5],
			"faces": {
				"north": {"uv": [0, 0, 3.773, 15.992], "texture": "#2"},
				"east": {"uv": [0, 0, 3.226, 15.258], "texture": "#2"},
				"south": {"uv": [0, 0, 3.226, 15.25], "texture": "#missing"},
				"west": {"uv": [0, 0, 3.226, 15.258], "texture": "#2"},
				"up": {"uv": [0, 0, 3.226, 15.227], "rotation": 270, "texture": "#missing"},
				"down": {"uv": [0, 0, 3.226, 15.227], "rotation": 90, "texture": "#missing"}
			}
		},
		{
			"from": [-0.8, 1, -0.5],
			"to": [-0.5, 16, 1.5],
			"faces": {
				"north": {"uv": [0, 0, 3.226, 15.258], "texture": "#2"},
				"east": {"uv": [0, 0, 3.226, 15.25], "texture": "#missing"},
				"south": {"uv": [0, 0, 3.226, 15.258], "texture": "#2"},
				"west": {"uv": [0, 0, 3.773, 15.992], "texture": "#2"},
				"up": {"uv": [0, 0, 3.226, 15.227], "rotation": 180, "texture": "#missing"},
				"down": {"uv": [0, 0, 3.226, 15.227], "rotation": 180, "texture": "#missing"}
			}
		},
		{
			"from": [14.5, 1, 16.5],
			"to": [16.5, 16, 16.8],
			"faces": {
				"north": {"uv": [0, 0, 3.225, 15.25], "texture": "#missing"},
				"east": {"uv": [0, 0, 3.226, 15.258], "texture": "#2"},
				"south": {"uv": [0, 0, 3.226, 15.258], "texture": "#2"},
				"west": {"uv": [0, 0, 3.226, 15.258], "texture": "#2"},
				"up": {"uv": [0, 0, 3.226, 15.227], "rotation": 90, "texture": "#missing"},
				"down": {"uv": [0, 0, 3.226, 15.227], "rotation": 270, "texture": "#missing"}
			}
		},
		{
			"from": [16.5, 1, -0.5],
			"to": [16.8, 16, 1.5],
			"faces": {
				"north": {"uv": [0, 0, 3.226, 15.258], "texture": "#2"},
				"east": {"uv": [0, 0, 3.226, 15.258], "texture": "#2"},
				"south": {"uv": [0, 0, 3.226, 15.258], "texture": "#2"},
				"west": {"uv": [0, 0, 3.225, 15.25], "texture": "#missing"},
				"up": {"uv": [0, 0, 3.226, 15.227], "texture": "#missing"},
				"down": {"uv": [0, 0, 3.226, 15.227], "texture": "#missing"}
			}
		},
		{
			"from": [-0.5, 1, -0.8],
			"to": [1.5, 16, -0.5],
			"faces": {
				"north": {"uv": [0, 0, 3.226, 15.258], "texture": "#2"},
				"east": {"uv": [0, 0, 3.226, 15.258], "texture": "#2"},
				"south": {"uv": [0, 0, 3.225, 15.25], "texture": "#missing"},
				"west": {"uv": [0, 0, 3.226, 15.258], "texture": "#2"},
				"up": {"uv": [0, 0, 3.226, 15.227], "rotation": 270, "texture": "#missing"},
				"down": {"uv": [0, 0, 3.226, 15.227], "rotation": 90, "texture": "#missing"}
			}
		},
		{
			"from": [-0.8, 1, 14.5],
			"to": [-0.5, 16, 16.5],
			"faces": {
				"north": {"uv": [0, 0, 3.226, 15.258], "texture": "#2"},
				"east": {"uv": [0, 0, 3.225, 15.25], "texture": "#missing"},
				"south": {"uv": [0, 0, 3.226, 15.258], "texture": "#2"},
				"west": {"uv": [0, 0, 3.226, 15.258], "texture": "#2"},
				"up": {"uv": [0, 0, 3.226, 15.227], "rotation": 180, "texture": "#missing"},
				"down": {"uv": [0, 0, 3.226, 15.227], "rotation": 180, "texture": "#missing"}
			}
		},
		{
			"from": [-1, 15.5, -1],
			"to": [17, 16.5, 17],
			"faces": {
				"north": {"uv": [0, 15.032, 15.25, 16], "texture": "#4"},
				"east": {"uv": [0, 15.032, 15.25, 16], "texture": "#4"},
				"south": {"uv": [0, 14.641, 16, 16], "texture": "#4"},
				"west": {"uv": [0, 15.032, 15.25, 16], "texture": "#4"},
				"up": {"uv": [0, 0, 15.999, 13.297], "texture": "#4"},
				"down": {"uv": [0, 0, 16, 13.5], "texture": "#4"}
			}
		},
		{
			"from": [-1, 0, -1],
			"to": [17, 1, 17],
			"faces": {
				"north": {"uv": [0, 0, 15.25, 1.016], "texture": "#2"},
				"east": {"uv": [0, 0, 15.25, 1.016], "texture": "#2"},
				"south": {"uv": [0, 0, 15.25, 1.016], "texture": "#2"},
				"west": {"uv": [0, 0, 15.25, 1.016], "texture": "#2"},
				"up": {"uv": [0, 0, 15.25, 15.25], "texture": "#2"},
				"down": {"uv": [0, 0, 15.25, 15.25], "texture": "#2"}
			}
		},
		{
			"from": [-1.1, 11, 10],
			"to": [-0.6, 14, 11],
			"faces": {
				"north": {"uv": [8.891, 10.594, 10.585, 14.453], "texture": "#5"},
				"east": {"uv": [0, 0, 0.01563, 0.04688], "texture": "#5"},
				"south": {"uv": [9.5, 9.344, 11.21, 13.688], "texture": "#5"},
				"west": {"uv": [12.641, 5.5, 14.797, 10], "texture": "#5"},
				"up": {"uv": [12.688, 7.141, 14.444, 10.438], "texture": "#5"},
				"down": {"uv": [5.188, 5.641, 7.335, 7.047], "texture": "#5"}
			}
		},
		{
			"from": [-1.1, 11, 12],
			"to": [-0.6, 14, 13],
			"faces": {
				"north": {"uv": [4.844, 6.344, 6.757, 8.75], "texture": "#5"},
				"east": {"uv": [0, 0, 0.01563, 0.04688], "texture": "#5"},
				"south": {"uv": [9.141, 0.891, 10.694, 5.938], "texture": "#5"},
				"west": {"uv": [0.797, 9.5, 3, 14.703], "texture": "#5"},
				"up": {"uv": [4.891, 4.75, 6.6, 6], "texture": "#5"},
				"down": {"uv": [9, 9.891, 11.35, 12.094], "texture": "#5"}
			}
		},
		{
			"from": [-1.1, 13, 11],
			"to": [-0.6, 14, 12],
			"faces": {
				"north": {"uv": [0, 0, 0.00781, 0.01563], "texture": "#5"},
				"east": {"uv": [0, 0, 0.01563, 0.01563], "texture": "#5"},
				"south": {"uv": [0, 0, 0.00781, 0.01563], "texture": "#5"},
				"west": {"uv": [8.297, 1.75, 10.75, 4.344], "texture": "#5"},
				"up": {"uv": [8.188, 4.813, 10.038, 6.219], "texture": "#5"},
				"down": {"uv": [0.938, 0.657, 2.944, 2.25], "texture": "#5"}
			}
		},
		{
			"from": [-1.1, 11, 11],
			"to": [-0.6, 12, 12],
			"faces": {
				"north": {"uv": [0, 0, 0.00781, 0.01563], "texture": "#5"},
				"east": {"uv": [0, 0, 0.01563, 0.01563], "texture": "#5"},
				"south": {"uv": [0, 0, 0.00781, 0.01563], "texture": "#5"},
				"west": {"uv": [0.688, 8.75, 2.891, 10.844], "texture": "#5"},
				"up": {"uv": [5.094, 12.891, 6.553, 14.188], "texture": "#5"},
				"down": {"uv": [5.188, 0.188, 6.991, 1.391], "texture": "#5"}
			}
		},
		{
			"from": [-1.1, 8, 4],
			"to": [-0.6, 12, 5],
			"faces": {
				"north": {"uv": [0.797, 1.344, 1.96, 6.235], "texture": "#5"},
				"east": {"uv": [0, 0, 0.01563, 0.0625], "texture": "#5"},
				"south": {"uv": [8.594, 1.438, 10.788, 6.125], "texture": "#5"},
				"west": {"uv": [5.188, 4.797, 6.75, 10.75], "texture": "#5"},
				"up": {"uv": [0.297, 8.75, 1.413, 10.625], "texture": "#5"},
				"down": {"uv": [0, 0, 0.00781, 0.01563], "texture": "#5"}
			}
		},
		{
			"from": [11.5, 8.5, -1.05],
			"to": [12, 10.5, -0.05],
			"faces": {
				"north": {"uv": [5.188, 4.797, 6.75, 10.75], "texture": "#5"},
				"east": {"uv": [0.797, 1.344, 1.96, 6.235], "texture": "#5"},
				"south": {"uv": [0, 0, 0.01563, 0.0625], "texture": "#5"},
				"west": {"uv": [8.594, 1.438, 10.788, 6.125], "texture": "#5"},
				"up": {"uv": [0.297, 8.75, 1.413, 10.625], "rotation": 90, "texture": "#5"},
				"down": {"uv": [0, 0, 0.00781, 0.01563], "rotation": 270, "texture": "#5"}
			}
		},
		{
			"from": [10.5, 8.5, -1.05],
			"to": [11, 10.5, -0.05],
			"faces": {
				"north": {"uv": [5.188, 4.797, 6.75, 10.75], "texture": "#5"},
				"east": {"uv": [0.797, 1.344, 1.96, 6.235], "texture": "#5"},
				"south": {"uv": [0, 0, 0.01563, 0.0625], "texture": "#5"},
				"west": {"uv": [8.594, 1.438, 10.788, 6.125], "texture": "#5"},
				"up": {"uv": [0.297, 8.75, 1.413, 10.625], "rotation": 90, "texture": "#5"},
				"down": {"uv": [0, 0, 0.00781, 0.01563], "rotation": 270, "texture": "#5"}
			}
		},
		{
			"from": [-1.5, 6, 3],
			"to": [-0.2, 8, 6],
			"faces": {
				"north": {"uv": [10.25, 3.547, 13.364, 7.75], "texture": "#3"},
				"east": {"uv": [0, 0, 0.04688, 0.03125], "texture": "#missing"},
				"south": {"uv": [1.141, 4.391, 4.239, 8.141], "texture": "#3"},
				"west": {"uv": [0, 10.735, 8.032, 16], "texture": "#3"},
				"up": {"uv": [5.75, 0.094, 8.755, 8.094], "texture": "#3"},
				"down": {"uv": [12.828, 8.844, 16, 13.344], "texture": "#3"}
			}
		},
		{
			"from": [11.5, 6, -1],
			"to": [12, 8, 0],
			"faces": {
				"north": {"uv": [2.891, 6, 4.003, 10.703], "texture": "#3"},
				"east": {"uv": [1.235, 0.875, 2.782, 3.922], "texture": "#3"},
				"south": {"uv": [1.141, 4.391, 4.239, 8.141], "texture": "#3"},
				"west": {"uv": [0, 10.735, 8.032, 16], "texture": "#3"},
				"up": {"uv": [5.75, 0.094, 8.755, 8.094], "texture": "#3"},
				"down": {"uv": [12.828, 8.844, 16, 13.344], "texture": "#3"}
			}
		},
		{
			"from": [10.5, 6, -1],
			"to": [11, 8, 0],
			"faces": {
				"north": {"uv": [10.25, 3.547, 12.207, 10.906], "texture": "#3"},
				"east": {"uv": [5.25, 11.297, 7, 15.047], "texture": "#3"},
				"south": {"uv": [1.141, 4.391, 4.239, 8.141], "texture": "#3"},
				"west": {"uv": [0, 10.735, 8.032, 16], "texture": "#3"},
				"up": {"uv": [5.75, 0.094, 8.755, 8.094], "texture": "#3"},
				"down": {"uv": [12.828, 8.844, 16, 13.344], "texture": "#3"}
			}
		},
		{
			"from": [11, 8, -1],
			"to": [11.5, 8.5, 0],
			"faces": {
				"north": {"uv": [2.344, 0.688, 4.457, 2.593], "texture": "#3"},
				"east": {"uv": [5.75, 12.344, 7.453, 14.297], "texture": "#3"},
				"south": {"uv": [1.141, 4.391, 4.239, 8.141], "texture": "#3"},
				"west": {"uv": [0, 10.735, 8.032, 16], "texture": "#3"},
				"up": {"uv": [5.75, 0.094, 8.755, 8.094], "texture": "#3"},
				"down": {"uv": [12.828, 8.844, 16, 13.344], "texture": "#3"}
			}
		},
		{
			"from": [-0.9, 5, 10],
			"to": [-0.4, 11, 11],
			"faces": {
				"north": {"uv": [0, 0, 1.008, 8.094], "texture": "#3"},
				"east": {"uv": [0, 0, 1.016, 1.094], "texture": "#missing"},
				"south": {"uv": [0, 0, 0.00781, 0.09375], "texture": "#missing"},
				"west": {"uv": [0, 0, 2.11, 9.125], "texture": "#3"},
				"up": {"uv": [0, 0, 0.00781, 0.01563], "texture": "#missing"},
				"down": {"uv": [0, 0, 1.008, 2.375], "texture": "#3"}
			}
		},
		{
			"from": [-0.9, 4, 11],
			"to": [-0.4, 11, 12],
			"faces": {
				"north": {"uv": [0, 0, 1.008, 8.094], "texture": "#3"},
				"east": {"uv": [0, 0, 1.016, 1.094], "texture": "#missing"},
				"south": {"uv": [0, 0, 0.00781, 0.09375], "texture": "#missing"},
				"west": {"uv": [11.844, 0, 13.906, 9.125], "texture": "#3"},
				"up": {"uv": [0, 0, 0.00781, 0.01563], "texture": "#missing"},
				"down": {"uv": [0, 0, 1.008, 2.375], "texture": "#3"}
			}
		},
		{
			"from": [-0.9, 3, 12],
			"to": [-0.4, 11, 13],
			"faces": {
				"north": {"uv": [0, 0, 1.008, 8.094], "texture": "#3"},
				"east": {"uv": [0, 0, 1.016, 1.094], "texture": "#missing"},
				"south": {"uv": [0, 0, 1.008, 12.094], "texture": "#3"},
				"west": {"uv": [9.797, 0, 11.859, 9.125], "texture": "#3"},
				"up": {"uv": [0, 0, 0.00781, 0.01563], "texture": "#missing"},
				"down": {"uv": [0, 0, 1.008, 2.375], "texture": "#3"}
			}
		},
		{
			"from": [16.6, 11, 5],
			"to": [17.1, 14, 6],
			"faces": {
				"north": {"uv": [9.5, 9.344, 11.21, 13.688], "texture": "#5"},
				"east": {"uv": [12.641, 5.5, 14.797, 10], "texture": "#5"},
				"south": {"uv": [8.891, 10.594, 10.585, 14.453], "texture": "#5"},
				"west": {"uv": [0, 0, 0.01563, 0.04688], "texture": "#5"},
				"up": {"uv": [12.688, 7.141, 14.444, 10.438], "rotation": 180, "texture": "#5"},
				"down": {"uv": [5.188, 5.641, 7.335, 7.047], "rotation": 180, "texture": "#5"}
			}
		},
		{
			"from": [16.6, 11, 3],
			"to": [17.1, 14, 4],
			"faces": {
				"north": {"uv": [9.141, 0.891, 10.694, 5.938], "texture": "#5"},
				"east": {"uv": [0.797, 9.5, 3, 14.703], "texture": "#5"},
				"south": {"uv": [4.844, 6.344, 6.757, 8.75], "texture": "#5"},
				"west": {"uv": [0, 0, 0.01563, 0.04688], "texture": "#5"},
				"up": {"uv": [4.891, 4.75, 6.6, 6], "rotation": 180, "texture": "#5"},
				"down": {"uv": [9, 9.891, 11.35, 12.094], "rotation": 180, "texture": "#5"}
			}
		},
		{
			"from": [16.6, 13, 4],
			"to": [17.1, 14, 5],
			"faces": {
				"north": {"uv": [0, 0, 0.00781, 0.01563], "texture": "#5"},
				"east": {"uv": [8.297, 1.75, 10.75, 4.344], "texture": "#5"},
				"south": {"uv": [0, 0, 0.00781, 0.01563], "texture": "#5"},
				"west": {"uv": [0, 0, 0.01563, 0.01563], "texture": "#5"},
				"up": {"uv": [8.188, 4.813, 10.038, 6.219], "rotation": 180, "texture": "#5"},
				"down": {"uv": [0.938, 0.657, 2.944, 2.25], "rotation": 180, "texture": "#5"}
			}
		},
		{
			"from": [16.6, 11, 4],
			"to": [17.1, 12, 5],
			"faces": {
				"north": {"uv": [0, 0, 0.00781, 0.01563], "texture": "#5"},
				"east": {"uv": [0.688, 8.75, 2.891, 10.844], "texture": "#5"},
				"south": {"uv": [0, 0, 0.00781, 0.01563], "texture": "#5"},
				"west": {"uv": [0, 0, 0.01563, 0.01563], "texture": "#5"},
				"up": {"uv": [5.094, 12.891, 6.553, 14.188], "rotation": 180, "texture": "#5"},
				"down": {"uv": [5.188, 0.188, 6.991, 1.391], "rotation": 180, "texture": "#5"}
			}
		},
		{
			"from": [16.6, 8, 11],
			"to": [17.1, 12, 12],
			"faces": {
				"north": {"uv": [8.594, 1.438, 10.788, 6.125], "texture": "#5"},
				"east": {"uv": [5.188, 4.797, 6.75, 10.75], "texture": "#5"},
				"south": {"uv": [0.797, 1.344, 1.96, 6.235], "texture": "#5"},
				"west": {"uv": [0, 0, 0.01563, 0.0625], "texture": "#5"},
				"up": {"uv": [0.297, 8.75, 1.413, 10.625], "rotation": 180, "texture": "#5"},
				"down": {"uv": [0, 0, 0.00781, 0.01563], "rotation": 180, "texture": "#5"}
			}
		},
		{
			"from": [4, 8.5, 16.05],
			"to": [4.5, 10.5, 17.05],
			"faces": {
				"north": {"uv": [0, 0, 0.01563, 0.0625], "texture": "#5"},
				"east": {"uv": [8.594, 1.438, 10.788, 6.125], "texture": "#5"},
				"south": {"uv": [5.188, 4.797, 6.75, 10.75], "texture": "#5"},
				"west": {"uv": [0.797, 1.344, 1.96, 6.235], "texture": "#5"},
				"up": {"uv": [0.297, 8.75, 1.413, 10.625], "rotation": 270, "texture": "#5"},
				"down": {"uv": [0, 0, 0.00781, 0.01563], "rotation": 90, "texture": "#5"}
			}
		},
		{
			"from": [5, 8.5, 16.05],
			"to": [5.5, 10.5, 17.05],
			"faces": {
				"north": {"uv": [0, 0, 0.01563, 0.0625], "texture": "#5"},
				"east": {"uv": [8.594, 1.438, 10.788, 6.125], "texture": "#5"},
				"south": {"uv": [5.188, 4.797, 6.75, 10.75], "texture": "#5"},
				"west": {"uv": [0.797, 1.344, 1.96, 6.235], "texture": "#5"},
				"up": {"uv": [0.297, 8.75, 1.413, 10.625], "rotation": 270, "texture": "#5"},
				"down": {"uv": [0, 0, 0.00781, 0.01563], "rotation": 90, "texture": "#5"}
			}
		},
		{
			"from": [16.2, 6, 10],
			"to": [17.5, 8, 13],
			"faces": {
				"north": {"uv": [1.141, 4.391, 4.239, 8.141], "texture": "#3"},
				"east": {"uv": [0, 10.735, 8.032, 16], "texture": "#3"},
				"south": {"uv": [10.25, 3.547, 13.364, 7.75], "texture": "#3"},
				"west": {"uv": [0, 0, 0.04688, 0.03125], "texture": "#missing"},
				"up": {"uv": [5.75, 0.094, 8.755, 8.094], "rotation": 180, "texture": "#3"},
				"down": {"uv": [12.828, 8.844, 16, 13.344], "rotation": 180, "texture": "#3"}
			}
		},
		{
			"from": [4, 6, 16],
			"to": [4.5, 8, 17],
			"faces": {
				"north": {"uv": [1.141, 4.391, 4.239, 8.141], "texture": "#3"},
				"east": {"uv": [0, 10.735, 8.032, 16], "texture": "#3"},
				"south": {"uv": [2.891, 6, 4.003, 10.703], "texture": "#3"},
				"west": {"uv": [1.235, 0.875, 2.782, 3.922], "texture": "#3"},
				"up": {"uv": [5.75, 0.094, 8.755, 8.094], "rotation": 180, "texture": "#3"},
				"down": {"uv": [12.828, 8.844, 16, 13.344], "rotation": 180, "texture": "#3"}
			}
		},
		{
			"from": [5, 6, 16],
			"to": [5.5, 8, 17],
			"faces": {
				"north": {"uv": [1.141, 4.391, 4.239, 8.141], "texture": "#3"},
				"east": {"uv": [0, 10.735, 8.032, 16], "texture": "#3"},
				"south": {"uv": [10.25, 3.547, 12.207, 10.906], "texture": "#3"},
				"west": {"uv": [5.25, 11.297, 7, 15.047], "texture": "#3"},
				"up": {"uv": [5.75, 0.094, 8.755, 8.094], "rotation": 180, "texture": "#3"},
				"down": {"uv": [12.828, 8.844, 16, 13.344], "rotation": 180, "texture": "#3"}
			}
		},
		{
			"from": [4.5, 8, 16],
			"to": [5, 8.5, 17],
			"faces": {
				"north": {"uv": [1.141, 4.391, 4.239, 8.141], "texture": "#3"},
				"east": {"uv": [0, 10.735, 8.032, 16], "texture": "#3"},
				"south": {"uv": [2.344, 0.688, 4.457, 2.593], "texture": "#3"},
				"west": {"uv": [5.75, 12.344, 7.453, 14.297], "texture": "#3"},
				"up": {"uv": [5.75, 0.094, 8.755, 8.094], "rotation": 180, "texture": "#3"},
				"down": {"uv": [12.828, 8.844, 16, 13.344], "rotation": 180, "texture": "#3"}
			}
		},
		{
			"from": [16.4, 5, 5],
			"to": [16.9, 11, 6],
			"faces": {
				"north": {"uv": [0, 0, 0.00781, 0.09375], "texture": "#missing"},
				"east": {"uv": [0, 0, 2.11, 9.125], "texture": "#3"},
				"south": {"uv": [0, 0, 1.008, 8.094], "texture": "#3"},
				"west": {"uv": [0, 0, 1.016, 1.094], "texture": "#missing"},
				"up": {"uv": [0, 0, 0.00781, 0.01563], "rotation": 180, "texture": "#missing"},
				"down": {"uv": [0, 0, 1.008, 2.375], "rotation": 180, "texture": "#3"}
			}
		},
		{
			"from": [16.4, 4, 4],
			"to": [16.9, 11, 5],
			"faces": {
				"north": {"uv": [0, 0, 0.00781, 0.09375], "texture": "#missing"},
				"east": {"uv": [11.844, 0, 13.906, 9.125], "texture": "#3"},
				"south": {"uv": [0, 0, 1.008, 8.094], "texture": "#3"},
				"west": {"uv": [0, 0, 1.016, 1.094], "texture": "#missing"},
				"up": {"uv": [0, 0, 0.00781, 0.01563], "rotation": 180, "texture": "#missing"},
				"down": {"uv": [0, 0, 1.008, 2.375], "rotation": 180, "texture": "#3"}
			}
		},
		{
			"from": [16.4, 3, 3],
			"to": [16.9, 11, 4],
			"faces": {
				"north": {"uv": [0, 0, 1.008, 12.094], "texture": "#3"},
				"east": {"uv": [9.797, 0, 11.859, 9.125], "texture": "#3"},
				"south": {"uv": [0, 0, 1.008, 8.094], "texture": "#3"},
				"west": {"uv": [0, 0, 1.016, 1.094], "texture": "#missing"},
				"up": {"uv": [0, 0, 0.00781, 0.01563], "rotation": 180, "texture": "#missing"},
				"down": {"uv": [0, 0, 1.008, 2.375], "rotation": 180, "texture": "#3"}
			}
		}
	],
	"groups": [
		{
			"name": "crafting_table",
			"origin": [8, 8, 8],
			"children": [
				{
					"name": "crafting_table",
					"origin": [8, 8, 8],
					"children": [0, 1, 2, 3, 4, 5, 6, 7, 8, 9, 10, 11, 12, 13, 14,
						{
							"name": "group",
							"origin": [8, 8, 8],
							"children": [15, 16, 17, 18, 19, 20, 21, 22, 23, 24, 25, 26, 27, 28]
						},
						{
							"name": "group",
							"origin": [8, 8, 8],
							"children": [29, 30, 31, 32, 33, 34, 35, 36, 37, 38, 39, 40, 41, 42]
						}
					]
				}
			]
		}
	],
		"display": {
        "gui": {
            "rotation": [ 30, 225, 0 ],
            "translation": [ 0, 0, 0],
            "scale":[ 0.625, 0.625, 0.625 ]
        },
        "ground": {
            "rotation": [ 0, 0, 0 ],
            "translation": [ 0, 3, 0],
            "scale":[ 0.25, 0.25, 0.25 ]
        },
        "fixed": {
            "rotation": [ 0, 0, 0 ],
            "translation": [ 0, 0, 0],
            "scale":[ 0.5, 0.5, 0.5 ]
        },
        "thirdperson_righthand": {
            "rotation": [ 75, 45, 0 ],
            "translation": [ 0, 2.5, 0],
            "scale": [ 0.375, 0.375, 0.375 ]
        },
        "firstperson_righthand": {
            "rotation": [ 0, 45, 0 ],
            "translation": [ 0, 0, 0 ],
            "scale": [ 0.40, 0.40, 0.40 ]
        },
        "firstperson_lefthand": {
            "rotation": [ 0, 225, 0 ],
            "translation": [ 0, 0, 0 ],
            "scale": [ 0.40, 0.40, 0.40 ]
        }
	}
}