{
	"textures": {
		"0": "block/cmodels/leave_vine1",
		"1": "block/cmodels/leave_vine2",
		"2": "block/cmodels/leave_vine3",
		"3": "block/cmodels/leave_vine4",
		"4": "block/cmodels/leave_vine5",
		"5": "block/cmodels/leave_vine6",
		"6": "block/cmodels/background_vine",
		"particle": "block/cmodels/leave_vine1"
	},
	"elements": [
		{
			"from": [3.5, 10.5, 12],
			"to": [3.5, 14.5, 16],
			"rotation": {"angle": 22.5, "axis": "z", "origin": [3.5, 12, 14.5]},
			"faces": {
				"north": {"uv": [0, 0, 0, 5], "texture": "#2"},
				"east": {"uv": [0, 0, 15.999, 15.999], "texture": "#2"},
				"south": {"uv": [0, 0, 0, 5], "texture": "#2"},
				"west": {"uv": [15.999, 0, 0, 15.999], "texture": "#2"},
				"up": {"uv": [0, 0, 5, 0], "rotation": 90, "texture": "#missing"},
				"down": {"uv": [0, 0, 5, 0], "rotation": 270, "texture": "#missing"}
			}
		},
		{
			"from": [2, 12.5, 1],
			"to": [2, 16.5, 5],
			"rotation": {"angle": 22.5, "axis": "z", "origin": [2, 14, 2.5]},
			"faces": {
				"north": {"uv": [0, 0, 0, 5], "texture": "#1"},
				"east": {"uv": [15.999, 0, 0, 15.999], "texture": "#1"},
				"south": {"uv": [0, 0, 0, 5], "texture": "#1"},
				"west": {"uv": [0, 0, 15.999, 15.999], "texture": "#1"},
				"up": {"uv": [5, 0, 0, 0], "rotation": 90, "texture": "#missing"},
				"down": {"uv": [5, 0, 0, 0], "rotation": 270, "texture": "#missing"}
			}
		},
		{
			"from": [0.75, -5.25, 4],
			"to": [0.75, -1.25, 8],
			"faces": {
				"north": {"uv": [0, 0, 0, 5], "texture": "#0"},
				"east": {"uv": [0, 0, 15.999, 15.999], "texture": "#0"},
				"south": {"uv": [0, 0, 0, 5], "texture": "#0"},
				"west": {"uv": [15.999, 0, 0, 15.999], "texture": "#0"},
				"up": {"uv": [0, 0, 5, 0], "rotation": 90, "texture": "#missing"},
				"down": {"uv": [0, 0, 5, 0], "rotation": 270, "texture": "#missing"}
			}
		},
		{
			"from": [1, 9.75, 2.5],
			"to": [1, 12.75, 5.5],
			"faces": {
				"north": {"uv": [0, 0, 0, 5], "texture": "#3"},
				"east": {"uv": [0, 0, 15.999, 15.999], "texture": "#3"},
				"south": {"uv": [0, 0, 0, 5], "texture": "#3"},
				"west": {"uv": [15.999, 0, 0, 15.999], "texture": "#3"},
				"up": {"uv": [0, 0, 5, 0], "rotation": 90, "texture": "#missing"},
				"down": {"uv": [0, 0, 5, 0], "rotation": 270, "texture": "#missing"}
			}
		},
		{
			"from": [2.5, -2.75, 10],
			"to": [2.5, 1.25, 14],
			"faces": {
				"north": {"uv": [0, 0, 0, 5], "texture": "#5"},
				"east": {"uv": [0, 0, 15.999, 15.999], "texture": "#5"},
				"south": {"uv": [0, 0, 0, 5], "texture": "#5"},
				"west": {"uv": [0, 0, 15.999, 15.999], "texture": "#5"},
				"up": {"uv": [0, 0, 5, 0], "rotation": 90, "texture": "#missing"},
				"down": {"uv": [0, 0, 5, 0], "rotation": 270, "texture": "#missing"}
			}
		},
		{
			"from": [2, 1.25, 7.25],
			"to": [2, 5.25, 11.25],
			"rotation": {"angle": 22.5, "axis": "z", "origin": [2, 4.75, 8.75]},
			"faces": {
				"north": {"uv": [0, 0, 0, 5], "texture": "#4"},
				"east": {"uv": [0, 0, 15.999, 15.999], "texture": "#4"},
				"south": {"uv": [0, 0, 0, 5], "texture": "#4"},
				"west": {"uv": [15.999, 0, 0, 15.999], "texture": "#4"},
				"up": {"uv": [0, 0, 5, 0], "rotation": 90, "texture": "#missing"},
				"down": {"uv": [0, 0, 5, 0], "rotation": 270, "texture": "#missing"}
			}
		},
		{
			"from": [2.25, 7.25, 12.5],
			"to": [2.25, 11.25, 16.5],
			"rotation": {"angle": -22.5, "axis": "y", "origin": [2.25, 9.75, 14]},
			"faces": {
				"north": {"uv": [0, 0, 0, 5], "texture": "#0"},
				"east": {"uv": [15.999, 0, 0, 15.999], "texture": "#0"},
				"south": {"uv": [0, 0, 0, 5], "texture": "#0"},
				"west": {"uv": [0, 0, 15.999, 15.999], "texture": "#0"},
				"up": {"uv": [5, 0, 0, 0], "rotation": 90, "texture": "#missing"},
				"down": {"uv": [5, 0, 0, 0], "rotation": 270, "texture": "#missing"}
			}
		},
		{
			"from": [1.25, 5.25, 13],
			"to": [1.25, 8.25, 16],
			"faces": {
				"north": {"uv": [0, 0, 0, 5], "texture": "#1"},
				"east": {"uv": [15.999, 0, 0, 15.999], "texture": "#1"},
				"south": {"uv": [0, 0, 0, 5], "texture": "#1"},
				"west": {"uv": [0, 0, 15.999, 15.999], "texture": "#1"},
				"up": {"uv": [5, 0, 0, 0], "rotation": 90, "texture": "#missing"},
				"down": {"uv": [5, 0, 0, 0], "rotation": 270, "texture": "#missing"}
			}
		},
		{
			"from": [2, -2.5, 3],
			"to": [2, 1.5, 7],
			"rotation": {"angle": 22.5, "axis": "z", "origin": [2, -1, 4.5]},
			"faces": {
				"north": {"uv": [0, 0, 0, 5], "texture": "#1"},
				"east": {"uv": [15.999, 0, 0, 15.999], "texture": "#1"},
				"south": {"uv": [0, 0, 0, 5], "texture": "#1"},
				"west": {"uv": [0, 0, 15.999, 15.999], "texture": "#1"},
				"up": {"uv": [5, 0, 0, 0], "rotation": 90, "texture": "#missing"},
				"down": {"uv": [5, 0, 0, 0], "rotation": 270, "texture": "#missing"}
			}
		},
		{
			"from": [2.75, 8.25, 8],
			"to": [2.75, 12.25, 12],
			"rotation": {"angle": 22.5, "axis": "y", "origin": [2.75, 10.75, 9.5]},
			"faces": {
				"north": {"uv": [0, 0, 0, 5], "texture": "#5"},
				"east": {"uv": [15.999, 0, 0, 15.999], "texture": "#5"},
				"south": {"uv": [0, 0, 0, 5], "texture": "#5"},
				"west": {"uv": [15.999, 0, 0, 15.999], "texture": "#5"},
				"up": {"uv": [5, 0, 0, 0], "rotation": 90, "texture": "#missing"},
				"down": {"uv": [5, 0, 0, 0], "rotation": 270, "texture": "#missing"}
			}
		},
		{
			"from": [2, 6.25, 3.75],
			"to": [2, 10.25, 7.75],
			"rotation": {"angle": 22.5, "axis": "z", "origin": [2, 8.75, 5.25]},
			"faces": {
				"north": {"uv": [0, 0, 0, 5], "texture": "#1"},
				"east": {"uv": [0, 0, 15.999, 15.999], "texture": "#1"},
				"south": {"uv": [0, 0, 0, 5], "texture": "#1"},
				"west": {"uv": [15.999, 0, 0, 15.999], "texture": "#1"},
				"up": {"uv": [0, 0, 5, 0], "rotation": 90, "texture": "#missing"},
				"down": {"uv": [0, 0, 5, 0], "rotation": 270, "texture": "#missing"}
			}
		},
		{
			"from": [2, 1.75, -1.5],
			"to": [2, 5.75, 2.5],
			"rotation": {"angle": 22.5, "axis": "z", "origin": [2, 3.25, 0]},
			"faces": {
				"north": {"uv": [0, 0, 0, 5], "texture": "#2"},
				"east": {"uv": [0, 0, 15.999, 15.999], "texture": "#2"},
				"south": {"uv": [0, 0, 0, 5], "texture": "#2"},
				"west": {"uv": [15.999, 0, 0, 15.999], "texture": "#2"},
				"up": {"uv": [0, 0, 5, 0], "rotation": 90, "texture": "#missing"},
				"down": {"uv": [0, 0, 5, 0], "rotation": 270, "texture": "#missing"}
			}
		},
		{
			"from": [3.25, 1, 13.25],
			"to": [3.25, 5, 17.25],
			"rotation": {"angle": -22.5, "axis": "y", "origin": [5.25, 3.5, 14.75]},
			"faces": {
				"north": {"uv": [0, 0, 0, 5], "texture": "#3"},
				"east": {"uv": [0, 0, 15.999, 15.999], "texture": "#3"},
				"south": {"uv": [0, 0, 0, 5], "texture": "#3"},
				"west": {"uv": [15.999, 0, 0, 15.999], "texture": "#3"},
				"up": {"uv": [0, 0, 5, 0], "rotation": 90, "texture": "#missing"},
				"down": {"uv": [0, 0, 5, 0], "rotation": 270, "texture": "#missing"}
			}
		},
		{
			"from": [2, 2.75, 4],
			"to": [2, 5.75, 7],
			"faces": {
				"north": {"uv": [0, 0, 0, 5], "texture": "#3"},
				"east": {"uv": [0, 0, 15.999, 15.999], "texture": "#3"},
				"south": {"uv": [0, 0, 0, 5], "texture": "#3"},
				"west": {"uv": [15.999, 0, 0, 15.999], "texture": "#3"},
				"up": {"uv": [0, 0, 5, 0], "rotation": 90, "texture": "#missing"},
				"down": {"uv": [0, 0, 5, 0], "rotation": 270, "texture": "#missing"}
			}
		},
		{
			"from": [1.75, 6, 9.5],
			"to": [1.75, 10, 13.5],
			"rotation": {"angle": 22.5, "axis": "z", "origin": [1.75, 8.5, 11]},
			"faces": {
				"north": {"uv": [0, 0, 0, 5], "texture": "#1"},
				"east": {"uv": [0, 0, 15.999, 15.999], "texture": "#1"},
				"south": {"uv": [0, 0, 0, 5], "texture": "#1"},
				"west": {"uv": [15.999, 0, 0, 15.999], "texture": "#1"},
				"up": {"uv": [0, 0, 5, 0], "rotation": 90, "texture": "#missing"},
				"down": {"uv": [0, 0, 5, 0], "rotation": 270, "texture": "#missing"}
			}
		},
		{
			"from": [2.5, -0.75, 11],
			"to": [2.5, 3.25, 15],
			"rotation": {"angle": 22.5, "axis": "z", "origin": [2.5, 0.75, 12.5]},
			"faces": {
				"north": {"uv": [0, 0, 0, 5], "texture": "#1"},
				"east": {"uv": [15.999, 0, 0, 15.999], "texture": "#1"},
				"south": {"uv": [0, 0, 0, 5], "texture": "#1"},
				"west": {"uv": [0, 0, 15.999, 15.999], "texture": "#1"},
				"up": {"uv": [5, 0, 0, 0], "rotation": 90, "texture": "#missing"},
				"down": {"uv": [5, 0, 0, 0], "rotation": 270, "texture": "#missing"}
			}
		},
		{
			"from": [1.5, -1.25, -0.5],
			"to": [1.5, 2.75, 3.5],
			"rotation": {"angle": 22.5, "axis": "y", "origin": [1.5, 1.25, 1]},
			"faces": {
				"north": {"uv": [0, 0, 0, 5], "texture": "#0"},
				"east": {"uv": [15.999, 0, 0, 15.999], "texture": "#0"},
				"south": {"uv": [0, 0, 0, 5], "texture": "#0"},
				"west": {"uv": [0, 0, 15.999, 15.999], "texture": "#0"},
				"up": {"uv": [5, 0, 0, 0], "rotation": 90, "texture": "#missing"},
				"down": {"uv": [5, 0, 0, 0], "rotation": 270, "texture": "#missing"}
			}
		},
		{
			"from": [1.5, 4, 9],
			"to": [1.5, 7, 12],
			"faces": {
				"north": {"uv": [0, 0, 0, 5], "texture": "#5"},
				"east": {"uv": [0, 0, 15.999, 15.999], "texture": "#5"},
				"south": {"uv": [0, 0, 0, 5], "texture": "#5"},
				"west": {"uv": [0, 0, 15.999, 15.999], "texture": "#5"},
				"up": {"uv": [0, 0, 5, 0], "rotation": 90, "texture": "#missing"},
				"down": {"uv": [0, 0, 5, 0], "rotation": 270, "texture": "#missing"}
			}
		},
		{
			"from": [2, 12.25, 8],
			"to": [2, 16.25, 12],
			"rotation": {"angle": 22.5, "axis": "z", "origin": [2, 14.75, 9.5]},
			"faces": {
				"north": {"uv": [0, 0, 0, 5], "texture": "#1"},
				"east": {"uv": [0, 0, 15.999, 15.999], "texture": "#1"},
				"south": {"uv": [0, 0, 0, 5], "texture": "#1"},
				"west": {"uv": [15.999, 0, 0, 15.999], "texture": "#1"},
				"up": {"uv": [0, 0, 5, 0], "rotation": 90, "texture": "#missing"},
				"down": {"uv": [0, 0, 5, 0], "rotation": 270, "texture": "#missing"}
			}
		},
		{
			"from": [1.5, 4.5, 2],
			"to": [1.5, 8.5, 6],
			"rotation": {"angle": 22.5, "axis": "y", "origin": [1.5, 6, 3.5]},
			"faces": {
				"north": {"uv": [0, 0, 0, 5], "texture": "#5"},
				"east": {"uv": [0, 0, 15.999, 15.999], "texture": "#5"},
				"south": {"uv": [0, 0, 0, 5], "texture": "#5"},
				"west": {"uv": [0, 0, 15.999, 15.999], "texture": "#5"},
				"up": {"uv": [0, 0, 5, 0], "rotation": 90, "texture": "#missing"},
				"down": {"uv": [0, 0, 5, 0], "rotation": 270, "texture": "#missing"}
			}
		},
		{
			"from": [1.25, 7.25, -2],
			"to": [1.25, 11.25, 2],
			"rotation": {"angle": 22.5, "axis": "y", "origin": [1.25, 9.25, 0]},
			"faces": {
				"north": {"uv": [0, 0, 0, 5], "texture": "#1"},
				"east": {"uv": [15.999, 0, 0, 15.999], "texture": "#1"},
				"south": {"uv": [0, 0, 0, 5], "texture": "#1"},
				"west": {"uv": [0, 0, 15.999, 15.999], "texture": "#1"},
				"up": {"uv": [5, 0, 0, 0], "rotation": 90, "texture": "#missing"},
				"down": {"uv": [5, 0, 0, 0], "rotation": 270, "texture": "#missing"}
			}
		},
		{
			"name": "BACKGROUND",
			"from": [0.25, -0.75, -1.25],
			"to": [0.25, 16.25, 15.75],
			"faces": {
				"north": {"uv": [0, 0, 0, 16], "texture": "#6"},
				"east": {"uv": [0, 0, 16, 16], "texture": "#6"},
				"south": {"uv": [0, 0, 0, 16], "texture": "#6"},
				"west": {"uv": [0, 0, 16, 16], "texture": "#6"},
				"up": {"uv": [0, 0, 16, 0], "rotation": 90, "texture": "#missing"},
				"down": {"uv": [0, 0, 16, 0], "rotation": 270, "texture": "#missing"}
			}
		},
		{
			"from": [12.5, 10.5, 12],
			"to": [12.5, 14.5, 16],
			"rotation": {"angle": -22.5, "axis": "z", "origin": [12.5, 12, 14.5]},
			"faces": {
				"north": {"uv": [0, 0, 0, 5], "texture": "#missing"},
				"east": {"uv": [0, 0, 15.999, 15.999], "texture": "#2"},
				"south": {"uv": [0, 0, 0, 5], "texture": "#missing"},
				"west": {"uv": [15.999, 0, 0, 15.999], "texture": "#2"},
				"up": {"uv": [0, 0, 5, 0], "rotation": 90, "texture": "#missing"},
				"down": {"uv": [0, 0, 5, 0], "rotation": 270, "texture": "#missing"}
			}
		},
		{
			"from": [14, 12.5, 1],
			"to": [14, 16.5, 5],
			"rotation": {"angle": -22.5, "axis": "z", "origin": [14, 14, 2.5]},
			"faces": {
				"north": {"uv": [0, 0, 0, 5], "texture": "#missing"},
				"east": {"uv": [15.999, 0, 0, 15.999], "texture": "#1"},
				"south": {"uv": [0, 0, 0, 5], "texture": "#missing"},
				"west": {"uv": [0, 0, 15.999, 15.999], "texture": "#1"},
				"up": {"uv": [5, 0, 0, 0], "rotation": 90, "texture": "#missing"},
				"down": {"uv": [5, 0, 0, 0], "rotation": 270, "texture": "#missing"}
			}
		},
		{
			"from": [15.25, -5.25, 4],
			"to": [15.25, -1.25, 8],
			"faces": {
				"north": {"uv": [0, 0, 0, 5], "texture": "#missing"},
				"east": {"uv": [0, 0, 15.999, 15.999], "texture": "#0"},
				"south": {"uv": [0, 0, 0, 5], "texture": "#missing"},
				"west": {"uv": [15.999, 0, 0, 15.999], "texture": "#0"},
				"up": {"uv": [0, 0, 5, 0], "rotation": 90, "texture": "#missing"},
				"down": {"uv": [0, 0, 5, 0], "rotation": 270, "texture": "#missing"}
			}
		},
		{
			"from": [15, 9.75, 2.5],
			"to": [15, 12.75, 5.5],
			"faces": {
				"north": {"uv": [0, 0, 0, 5], "texture": "#missing"},
				"east": {"uv": [0, 0, 15.999, 15.999], "texture": "#3"},
				"south": {"uv": [0, 0, 0, 5], "texture": "#missing"},
				"west": {"uv": [15.999, 0, 0, 15.999], "texture": "#3"},
				"up": {"uv": [0, 0, 5, 0], "rotation": 90, "texture": "#missing"},
				"down": {"uv": [0, 0, 5, 0], "rotation": 270, "texture": "#missing"}
			}
		},
		{
			"from": [13.5, -2.75, 10],
			"to": [13.5, 1.25, 14],
			"faces": {
				"north": {"uv": [0, 0, 0, 5], "texture": "#missing"},
				"east": {"uv": [15.999, 0, 0, 15.999], "texture": "#5"},
				"south": {"uv": [0, 0, 0, 5], "texture": "#missing"},
				"west": {"uv": [15.999, 0, 0, 15.999], "texture": "#5"},
				"up": {"uv": [0, 0, 5, 0], "rotation": 90, "texture": "#missing"},
				"down": {"uv": [0, 0, 5, 0], "rotation": 270, "texture": "#missing"}
			}
		},
		{
			"from": [14, 1.25, 7.25],
			"to": [14, 5.25, 11.25],
			"rotation": {"angle": -22.5, "axis": "z", "origin": [14, 4.75, 8.75]},
			"faces": {
				"north": {"uv": [0, 0, 0, 5], "texture": "#missing"},
				"east": {"uv": [0, 0, 15.999, 15.999], "texture": "#4"},
				"south": {"uv": [0, 0, 0, 5], "texture": "#missing"},
				"west": {"uv": [15.999, 0, 0, 15.999], "texture": "#4"},
				"up": {"uv": [0, 0, 5, 0], "rotation": 90, "texture": "#missing"},
				"down": {"uv": [0, 0, 5, 0], "rotation": 270, "texture": "#missing"}
			}
		},
		{
			"from": [13.75, 7.25, 12.5],
			"to": [13.75, 11.25, 16.5],
			"rotation": {"angle": 22.5, "axis": "y", "origin": [13.75, 9.75, 14]},
			"faces": {
				"north": {"uv": [0, 0, 0, 5], "texture": "#missing"},
				"east": {"uv": [15.999, 0, 0, 15.999], "texture": "#0"},
				"south": {"uv": [0, 0, 0, 5], "texture": "#missing"},
				"west": {"uv": [0, 0, 15.999, 15.999], "texture": "#0"},
				"up": {"uv": [5, 0, 0, 0], "rotation": 90, "texture": "#missing"},
				"down": {"uv": [5, 0, 0, 0], "rotation": 270, "texture": "#missing"}
			}
		},
		{
			"from": [14.75, 5.25, 13],
			"to": [14.75, 8.25, 16],
			"faces": {
				"north": {"uv": [0, 0, 0, 5], "texture": "#missing"},
				"east": {"uv": [15.999, 0, 0, 15.999], "texture": "#1"},
				"south": {"uv": [0, 0, 0, 5], "texture": "#missing"},
				"west": {"uv": [0, 0, 15.999, 15.999], "texture": "#1"},
				"up": {"uv": [5, 0, 0, 0], "rotation": 90, "texture": "#missing"},
				"down": {"uv": [5, 0, 0, 0], "rotation": 270, "texture": "#missing"}
			}
		},
		{
			"from": [14, -2.5, 3],
			"to": [14, 1.5, 7],
			"rotation": {"angle": -22.5, "axis": "z", "origin": [14, -1, 4.5]},
			"faces": {
				"north": {"uv": [0, 0, 0, 5], "texture": "#missing"},
				"east": {"uv": [15.999, 0, 0, 15.999], "texture": "#1"},
				"south": {"uv": [0, 0, 0, 5], "texture": "#missing"},
				"west": {"uv": [0, 0, 15.999, 15.999], "texture": "#1"},
				"up": {"uv": [5, 0, 0, 0], "rotation": 90, "texture": "#missing"},
				"down": {"uv": [5, 0, 0, 0], "rotation": 270, "texture": "#missing"}
			}
		},
		{
			"from": [13.25, 8.25, 8],
			"to": [13.25, 12.25, 12],
			"rotation": {"angle": -22.5, "axis": "y", "origin": [13.25, 10.75, 9.5]},
			"faces": {
				"north": {"uv": [0, 0, 0, 5], "texture": "#missing"},
				"east": {"uv": [0, 0, 15.999, 15.999], "texture": "#5"},
				"south": {"uv": [0, 0, 0, 5], "texture": "#missing"},
				"west": {"uv": [0, 0, 15.999, 15.999], "texture": "#5"},
				"up": {"uv": [5, 0, 0, 0], "rotation": 90, "texture": "#missing"},
				"down": {"uv": [5, 0, 0, 0], "rotation": 270, "texture": "#missing"}
			}
		},
		{
			"from": [14, 6.25, 3.75],
			"to": [14, 10.25, 7.75],
			"rotation": {"angle": -22.5, "axis": "z", "origin": [14, 8.75, 5.25]},
			"faces": {
				"north": {"uv": [0, 0, 0, 5], "texture": "#missing"},
				"east": {"uv": [0, 0, 15.999, 15.999], "texture": "#1"},
				"south": {"uv": [0, 0, 0, 5], "texture": "#missing"},
				"west": {"uv": [15.999, 0, 0, 15.999], "texture": "#1"},
				"up": {"uv": [0, 0, 5, 0], "rotation": 90, "texture": "#missing"},
				"down": {"uv": [0, 0, 5, 0], "rotation": 270, "texture": "#missing"}
			}
		},
		{
			"from": [14, 1.75, -1.5],
			"to": [14, 5.75, 2.5],
			"rotation": {"angle": -22.5, "axis": "z", "origin": [14, 3.25, 0]},
			"faces": {
				"north": {"uv": [0, 0, 0, 5], "texture": "#missing"},
				"east": {"uv": [0, 0, 15.999, 15.999], "texture": "#2"},
				"south": {"uv": [0, 0, 0, 5], "texture": "#missing"},
				"west": {"uv": [15.999, 0, 0, 15.999], "texture": "#2"},
				"up": {"uv": [0, 0, 5, 0], "rotation": 90, "texture": "#missing"},
				"down": {"uv": [0, 0, 5, 0], "rotation": 270, "texture": "#missing"}
			}
		},
		{
			"from": [12.75, 1, 13.25],
			"to": [12.75, 5, 17.25],
			"rotation": {"angle": 22.5, "axis": "y", "origin": [10.75, 3.5, 14.75]},
			"faces": {
				"north": {"uv": [0, 0, 0, 5], "texture": "#missing"},
				"east": {"uv": [0, 0, 15.999, 15.999], "texture": "#3"},
				"south": {"uv": [0, 0, 0, 5], "texture": "#missing"},
				"west": {"uv": [15.999, 0, 0, 15.999], "texture": "#3"},
				"up": {"uv": [0, 0, 5, 0], "rotation": 90, "texture": "#missing"},
				"down": {"uv": [0, 0, 5, 0], "rotation": 270, "texture": "#missing"}
			}
		},
		{
			"from": [14, 2.75, 4],
			"to": [14, 5.75, 7],
			"faces": {
				"north": {"uv": [0, 0, 0, 5], "texture": "#missing"},
				"east": {"uv": [0, 0, 15.999, 15.999], "texture": "#3"},
				"south": {"uv": [0, 0, 0, 5], "texture": "#missing"},
				"west": {"uv": [15.999, 0, 0, 15.999], "texture": "#3"},
				"up": {"uv": [0, 0, 5, 0], "rotation": 90, "texture": "#missing"},
				"down": {"uv": [0, 0, 5, 0], "rotation": 270, "texture": "#missing"}
			}
		},
		{
			"from": [14.25, 6, 9.5],
			"to": [14.25, 10, 13.5],
			"rotation": {"angle": -22.5, "axis": "z", "origin": [14.25, 8.5, 11]},
			"faces": {
				"north": {"uv": [0, 0, 0, 5], "texture": "#missing"},
				"east": {"uv": [0, 0, 15.999, 15.999], "texture": "#1"},
				"south": {"uv": [0, 0, 0, 5], "texture": "#missing"},
				"west": {"uv": [15.999, 0, 0, 15.999], "texture": "#1"},
				"up": {"uv": [0, 0, 5, 0], "rotation": 90, "texture": "#missing"},
				"down": {"uv": [0, 0, 5, 0], "rotation": 270, "texture": "#missing"}
			}
		},
		{
			"from": [13.5, -0.75, 11],
			"to": [13.5, 3.25, 15],
			"rotation": {"angle": -22.5, "axis": "z", "origin": [13.5, 0.75, 12.5]},
			"faces": {
				"north": {"uv": [0, 0, 0, 5], "texture": "#missing"},
				"east": {"uv": [15.999, 0, 0, 15.999], "texture": "#1"},
				"south": {"uv": [0, 0, 0, 5], "texture": "#missing"},
				"west": {"uv": [0, 0, 15.999, 15.999], "texture": "#1"},
				"up": {"uv": [5, 0, 0, 0], "rotation": 90, "texture": "#missing"},
				"down": {"uv": [5, 0, 0, 0], "rotation": 270, "texture": "#missing"}
			}
		},
		{
			"from": [14.5, -1.25, -0.5],
			"to": [14.5, 2.75, 3.5],
			"rotation": {"angle": -22.5, "axis": "y", "origin": [14.5, 1.25, 1]},
			"faces": {
				"north": {"uv": [0, 0, 0, 5], "texture": "#missing"},
				"east": {"uv": [15.999, 0, 0, 15.999], "texture": "#0"},
				"south": {"uv": [0, 0, 0, 5], "texture": "#missing"},
				"west": {"uv": [0, 0, 15.999, 15.999], "texture": "#0"},
				"up": {"uv": [5, 0, 0, 0], "rotation": 90, "texture": "#missing"},
				"down": {"uv": [5, 0, 0, 0], "rotation": 270, "texture": "#missing"}
			}
		},
		{
			"from": [14.5, 4, 9],
			"to": [14.5, 7, 12],
			"faces": {
				"north": {"uv": [0, 0, 0, 5], "texture": "#missing"},
				"east": {"uv": [15.999, 0, 0, 15.999], "texture": "#5"},
				"south": {"uv": [0, 0, 0, 5], "texture": "#missing"},
				"west": {"uv": [15.999, 0, 0, 15.999], "texture": "#5"},
				"up": {"uv": [0, 0, 5, 0], "rotation": 90, "texture": "#missing"},
				"down": {"uv": [0, 0, 5, 0], "rotation": 270, "texture": "#missing"}
			}
		},
		{
			"from": [14, 12.25, 8],
			"to": [14, 16.25, 12],
			"rotation": {"angle": -22.5, "axis": "z", "origin": [14, 14.75, 9.5]},
			"faces": {
				"north": {"uv": [0, 0, 0, 5], "texture": "#missing"},
				"east": {"uv": [0, 0, 15.999, 15.999], "texture": "#1"},
				"south": {"uv": [0, 0, 0, 5], "texture": "#missing"},
				"west": {"uv": [15.999, 0, 0, 15.999], "texture": "#1"},
				"up": {"uv": [0, 0, 5, 0], "rotation": 90, "texture": "#missing"},
				"down": {"uv": [0, 0, 5, 0], "rotation": 270, "texture": "#missing"}
			}
		},
		{
			"from": [14.5, 4.5, 2],
			"to": [14.5, 8.5, 6],
			"rotation": {"angle": -22.5, "axis": "y", "origin": [14.5, 6, 3.5]},
			"faces": {
				"north": {"uv": [0, 0, 0, 5], "texture": "#missing"},
				"east": {"uv": [15.999, 0, 0, 15.999], "texture": "#5"},
				"south": {"uv": [0, 0, 0, 5], "texture": "#missing"},
				"west": {"uv": [15.999, 0, 0, 15.999], "texture": "#5"},
				"up": {"uv": [0, 0, 5, 0], "rotation": 90, "texture": "#missing"},
				"down": {"uv": [0, 0, 5, 0], "rotation": 270, "texture": "#missing"}
			}
		},
		{
			"from": [14.75, 7.25, -2],
			"to": [14.75, 11.25, 2],
			"rotation": {"angle": -22.5, "axis": "y", "origin": [14.75, 9.25, 0]},
			"faces": {
				"north": {"uv": [0, 0, 0, 5], "texture": "#missing"},
				"east": {"uv": [15.999, 0, 0, 15.999], "texture": "#1"},
				"south": {"uv": [0, 0, 0, 5], "texture": "#missing"},
				"west": {"uv": [0, 0, 15.999, 15.999], "texture": "#1"},
				"up": {"uv": [5, 0, 0, 0], "rotation": 90, "texture": "#missing"},
				"down": {"uv": [5, 0, 0, 0], "rotation": 270, "texture": "#missing"}
			}
		},
		{
			"name": "BACKGROUND",
			"from": [15.75, -0.75, -1.25],
			"to": [15.75, 16.25, 15.75],
			"faces": {
				"north": {"uv": [0, 0, 0, 16], "texture": "#missing"},
				"east": {"uv": [16, 0, 0, 16], "texture": "#6"},
				"south": {"uv": [0, 0, 0, 16], "texture": "#missing"},
				"west": {"uv": [16, 0, 0, 16], "texture": "#6"},
				"up": {"uv": [0, 0, 16, 0], "rotation": 90, "texture": "#missing"},
				"down": {"uv": [0, 0, 16, 0], "rotation": 270, "texture": "#missing"}
			}
		}
	]
}