{
    "parent": "item/generated",
    "textures": {
        "layer0": "item/diamond_hoe"
    },
    "display": {
        "thirdperson_righthand": {
            "rotation": [ -90, 0, -60 ],
            "translation": [ 2, 0.1, -3 ],
            "scale": [ 0.9, 0.9, 0.9 ]
        },
        "thirdperson_lefthand": {
            "rotation": [ -90, 0, 30 ],
            "translation": [ 2, 0.1, -3 ],
            "scale": [ 0.9, 0.9, 0.9 ]
        },
        "firstperson_righthand": {
            "rotation": [ -90, 0, -55 ],
            "translation": [ 1.13, 3.2, 1.13],
            "scale": [ 0.68, 0.68, 0.68 ]
        },
        "firstperson_lefthand": {
            "rotation": [ -90, 0, 35 ],
            "translation": [ 1.13, 3.2, 1.13],
            "scale": [ 0.68, 0.68, 0.68 ]
        }
    },
    "overrides": [
    {
      "predicate": {
        "custom_model_data": 101
      },
      "model": "item/p30"
    },
    {
      "predicate": {
        "custom_model_data": 102
      },
      "model": "item/m249"
    },
    {
      "predicate": {
        "custom_model_data": 103
      },
      "model": "item/negev"
    },
    {
      "predicate": {
        "custom_model_data": 104
      },
      "model": "item/ak47"
    },
    {
      "predicate": {
        "custom_model_data": 105
      },
      "model": "item/aug"
    },
    {
      "predicate": {
        "custom_model_data": 106
      },
      "model": "item/m16"
    },
    {
      "predicate": {
        "custom_model_data": 107
      },
      "model": "item/remmington"
    },
    {
      "predicate": {
        "custom_model_data": 108
      },
      "model": "item/sg553"
    },
    {
      "predicate": {
        "custom_model_data": 109
      },
      "model": "item/fiveseven"
    },
    {
      "predicate": {
        "custom_model_data": 110
      },
      "model": "item/tec9"
    },
    {
      "predicate": {
        "custom_model_data": 111
      },
      "model": "item/sw1911"
    },    
    {
      "predicate": {
        "custom_model_data": 112
      },
      "model": "item/deagle"
    },    
    {
      "predicate": {
        "custom_model_data": 113
      },
      "model": "item/enfield"
    },
    {
      "predicate": {
        "custom_model_data": 114
      },
      "model": "item/mauser"
    },
    {
      "predicate": {
        "custom_model_data": 115
      },
      "model": "item/grenade"
    },
    {
      "predicate": {
        "custom_model_data": 116
      },
      "model": "item/dragunov"
    },
    {
      "predicate": {
        "custom_model_data": 117
      },
      "model": "item/spas"
    },
    {
      "predicate": {
        "custom_model_data": 118
      },
      "model": "item/aa12"
    },
    {
      "predicate": {
        "custom_model_data": 119
      },
      "model": "item/magnum"
    },
    {
      "predicate": {
        "custom_model_data": 120
      },
      "model": "item/awp"
    },
    {
      "predicate": {
        "custom_model_data": 121
      },
      "model": "item/smokegrenade"
    },
    {
      "predicate": {
        "custom_model_data": 122
      },
      "model": "item/flashbang"
    },
    {
      "predicate": {
        "custom_model_data": 123
      },
      "model": "item/p31sil"
    },
    {
      "predicate": {
        "custom_model_data": 124
      },
      "model": "item/awp2"
    },
    {
      "predicate": {
        "custom_model_data": 125
      },
      "model": "item/m4a1s"
    },
    {
      "predicate": {
        "custom_model_data": 126
      },
      "model": "item/rpk"
    },
    {
      "predicate": {
        "custom_model_data": 127
      },
      "model": "item/sg553"
    },
    {
      "predicate": {
        "custom_model_data": 128
      },
      "model": "item/dp27"
    },
    {
      "predicate": {
        "custom_model_data": 129
      },
      "model": "item/incendarygrenade"
    },
    {
      "predicate": {
        "custom_model_data": 130
      },
      "model": "item/homingrpg"
    },
    {
      "predicate": {
        "custom_model_data": 131
      },
      "model": "item/musketpistol"
    },
    {
      "predicate": {
        "custom_model_data": 132
      },
      "model": "item/lazerrifle"
    },
    {
      "predicate": {
        "custom_model_data": 133
      },
      "model": "item/fatman"
    },
    {
      "predicate": {
        "custom_model_data": 134
      },
      "model": "item/fo11mm"
    },
    {
      "predicate": {
        "custom_model_data": 135
      },
      "model": "item/cz75"
    },
    {
      "predicate": {
        "custom_model_data": 136
      },
      "model": "item/longbullet"
    },
    {
      "predicate": {
        "custom_model_data": 137
      },
      "model": "item/shortbullet"
    },
    {
      "predicate": {
        "custom_model_data": 138
      },
      "model": "item/auto9"
    },
    {
      "predicate": {
        "custom_model_data": 139
      },
      "model": "item/arcgun"
    },
    {
      "predicate": {
        "custom_model_data": 140
      },
      "model": "item/shotgunbullet"
    },
    {
      "predicate": {
        "custom_model_data": 141
      },
      "model": "item/needler"
    },
    {
      "predicate": {
        "custom_model_data": 142
      },
      "model": "item/thatgun"
    },
    {
      "predicate": {
        "custom_model_data": 143
      },
      "model": "item/swblaster"
    },
    {
      "predicate": {
        "custom_model_data": 144
      },
      "model": "item/overwatchpulsegun"
    },
    {
      "predicate": {
        "custom_model_data": 145
      },
      "model": "item/vera"
    },
    {
      "predicate": {
        "custom_model_data": 146
      },
      "model": "item/lightsaberblue"
    },
    {
      "predicate": {
        "custom_model_data": 147
      },
      "model": "item/lightsaberred"
    },
    {
      "predicate": {
        "custom_model_data": 148
      },
      "model": "item/mac11"
    },
    {
      "predicate": {
        "custom_model_data": 149
      },
      "model": "item/uzi"
    },
    {
      "predicate": {
        "custom_model_data": 150
      },
      "model": "item/skorpion"
    },
    {
      "predicate": {
        "custom_model_data": 151
      },
      "model": "item/sks"
    },
    {
      "predicate": {
        "custom_model_data": 152
      },
      "model": "item/barrett"
    },
    {
      "predicate": {
        "custom_model_data": 153
      },
      "model": "item/makarov"
    },
    {
      "predicate": {
        "custom_model_data": 154
      },
      "model": "item/ppsh41"
    },
    {
      "predicate": {
        "custom_model_data": 155
      },
      "model": "item/m79"
    },
    {
      "predicate": {
        "custom_model_data": 157
      },
      "model": "item/mark19"
    },
    {
      "predicate": {
        "custom_model_data": 158
      },
      "model": "item/asval"
    },
    {
      "predicate": {
        "custom_model_data": 159
      },
      "model": "item/fnp91"
    },
    {
      "predicate": {
        "custom_model_data": 160
      },
      "model": "item/kar98k"
    },
    {
      "predicate": {
        "custom_model_data": 161
      },
      "model": "item/mp41"
    },
    {
      "predicate": {
        "custom_model_data": 162
      },
      "model": "item/stg44"
    },
    {
      "predicate": {
        "custom_model_data": 163
      },
      "model": "item/sawedoff"
    },
    {
      "predicate": {
        "custom_model_data": 164
      },
      "model": "item/famas"
    },
    {
      "predicate": {
        "custom_model_data": 165
      },
      "model": "item/flamer"
    },
    {
      "predicate": {
        "custom_model_data": 166
      },
      "model": "item/stengun"
    },
    {
      "predicate": {
        "custom_model_data": 167
      },
      "model": "item/m32a1"
    },
    {
      "predicate": {
        "custom_model_data": 168
      },
      "model": "item/aiming"
    },
    {
      "predicate": {
        "custom_model_data": 169
      },
      "model": "item/fivesevenfive"
    }
	]
}
