{
    "__comment": "Model generated using MrCrayfish's Model Creator (https://mrcrayfish.com/tools?id=mc)",
    "textures": {
        "gold": "minecraft:creatorlabs/lightsabers/luke/gold",
        "red": "minecraft:creatorlabs/lightsabers/luke/red",
        "black_iron": "minecraft:creatorlabs/lightsabers/luke/black_iron",
        "green": "minecraft:creatorlabs/lightsabers/luke/green",
        "laser": "minecraft:creatorlabs/lightsabers/luke/laser_green",
        "iron": "minecraft:creatorlabs/lightsabers/luke/iron"
    },
    "display": {
        "gui": {
            "rotation": [ 30, 0, -42 ],
            "translation": [ 1, 1, 0 ],
            "scale": [ 0.952, 0.5, 0.952 ]
        },
        "ground": {
            "rotation": [ 0, 0, 0 ],
            "translation": [ 0, 6, 0 ],
            "scale": [ 0.3, 0.3, 0.3 ]
        },
        "fixed": {
            "rotation": [ 0, 180, 0 ],
            "translation": [ 0, 1, 0.696 ],
            "scale": [ 0.5, 0.4, 0.5 ]
        },
        "firstperson_righthand": {
            "rotation": [ -5, -9, 0 ],
            "translation": [ 0, 11, 0 ],
            "scale": [ 0.513, 0.513, 0.513 ]
        },
        "thirdperson_righthand": {
            "rotation": [ 0, 0, 0 ],
            "translation": [ 0, 11, 1 ],
            "scale": [ 0.6, 0.6, 0.6 ]
        }
    },
    "elements": [
        {
            "name": "iron6",
            "from": [ 6.625, -15.25, 7.625 ], 
            "to": [ 7.125, -14.75, 8.875 ], 
            "faces": {
                "north": { "texture": "#iron", "uv": [ 8.875, 14.75, 9.375, 15.25 ] },
                "east": { "texture": "#iron", "uv": [ 7.125, 14.75, 8.375, 15.25 ] },
                "south": { "texture": "#iron", "uv": [ 6.625, 14.75, 7.125, 15.25 ] },
                "west": { "texture": "#iron", "uv": [ 7.625, 14.75, 8.875, 15.25 ] },
                "up": { "texture": "#iron", "uv": [ 6.625, 7.625, 7.125, 8.875 ] },
                "down": { "texture": "#iron", "uv": [ 6.625, 7.125, 7.125, 8.375 ] }
            }
        },
        {
            "name": "iron11",
            "from": [ 6.75, -14.75, 7.75 ], 
            "to": [ 8.75, -14, 8.75 ], 
            "faces": {
                "north": { "texture": "#iron", "uv": [ 7.25, 14, 9.25, 14.75 ] },
                "east": { "texture": "#iron", "uv": [ 7.25, 14, 8.25, 14.75 ] },
                "south": { "texture": "#iron", "uv": [ 6.75, 14, 8.75, 14.75 ] },
                "west": { "texture": "#iron", "uv": [ 7.75, 14, 8.75, 14.75 ] },
                "down": { "texture": "#iron", "uv": [ 6.75, 7.25, 8.75, 8.25 ] }
            }
        },
        {
            "name": "iron3",
            "from": [ 6.625, -14, 7.625 ], 
            "to": [ 8.875, -13.5, 8.875 ], 
            "faces": {
                "north": { "texture": "#iron", "uv": [ 7.125, 13.5, 9.375, 14 ] },
                "east": { "texture": "#iron", "uv": [ 7.125, 13.5, 8.375, 14 ] },
                "south": { "texture": "#iron", "uv": [ 6.625, 13.5, 8.875, 14 ] },
                "west": { "texture": "#iron", "uv": [ 7.625, 13.5, 8.875, 14 ] },
                "up": { "texture": "#iron", "uv": [ 6.625, 7.625, 8.875, 8.875 ] },
                "down": { "texture": "#iron", "uv": [ 6.625, 7.125, 8.875, 8.375 ] }
            }
        },
        {
            "name": "iron",
            "from": [ 6.75, -13.5, 7.75 ], 
            "to": [ 8.75, -9.25, 8.75 ], 
            "faces": {
                "north": { "texture": "#iron", "uv": [ 7.25, 9.25, 9.25, 13.5 ] },
                "east": { "texture": "#iron", "uv": [ 7.25, 9.25, 8.25, 13.5 ] },
                "south": { "texture": "#iron", "uv": [ 6.75, 9.25, 8.75, 13.5 ] },
                "west": { "texture": "#iron", "uv": [ 7.75, 9.25, 8.75, 13.5 ] }
            }
        },
        {
            "name": "black_iron",
            "from": [ 6.75, -9.25, 7.75 ], 
            "to": [ 8.75, -9, 8.75 ], 
            "faces": {
                "north": { "texture": "#black_iron", "uv": [ 7.25, 9, 9.25, 9.25 ] },
                "east": { "texture": "#black_iron", "uv": [ 7.25, 9, 8.25, 9.25 ] },
                "south": { "texture": "#black_iron", "uv": [ 6.75, 9, 8.75, 9.25 ] },
                "west": { "texture": "#black_iron", "uv": [ 7.75, 9, 8.75, 9.25 ] }
            }
        },
        {
            "name": "iron",
            "from": [ 6.625, -9, 7.625 ], 
            "to": [ 8.875, -8.75, 8.875 ], 
            "faces": {
                "north": { "texture": "#iron", "uv": [ 7.125, 8.75, 9.375, 9 ] },
                "east": { "texture": "#iron", "uv": [ 7.125, 8.75, 8.375, 9 ] },
                "south": { "texture": "#iron", "uv": [ 6.625, 8.75, 8.875, 9 ] },
                "west": { "texture": "#iron", "uv": [ 7.625, 8.75, 8.875, 9 ] },
                "up": { "texture": "#iron", "uv": [ 6.625, 7.625, 8.875, 8.875 ] },
                "down": { "texture": "#iron", "uv": [ 6.625, 7.125, 8.875, 8.375 ] }
            }
        },
        {
            "name": "black_iron1",
            "from": [ 6.75, -8.75, 7.75 ], 
            "to": [ 8.75, -8.5, 8.75 ], 
            "faces": {
                "north": { "texture": "#black_iron", "uv": [ 7.25, 8.5, 9.25, 8.75 ] },
                "east": { "texture": "#black_iron", "uv": [ 7.25, 8.5, 8.25, 8.75 ] },
                "south": { "texture": "#black_iron", "uv": [ 6.75, 8.5, 8.75, 8.75 ] },
                "west": { "texture": "#black_iron", "uv": [ 7.75, 8.5, 8.75, 8.75 ] }
            }
        },
        {
            "name": "iron1",
            "from": [ 6.625, -8.5, 7.625 ], 
            "to": [ 8.875, -8.25, 8.875 ], 
            "faces": {
                "north": { "texture": "#iron", "uv": [ 7.125, 8.25, 9.375, 8.5 ] },
                "east": { "texture": "#iron", "uv": [ 7.125, 8.25, 8.375, 8.5 ] },
                "south": { "texture": "#iron", "uv": [ 6.625, 8.25, 8.875, 8.5 ] },
                "west": { "texture": "#iron", "uv": [ 7.625, 8.25, 8.875, 8.5 ] },
                "up": { "texture": "#iron", "uv": [ 6.625, 7.625, 8.875, 8.875 ] },
                "down": { "texture": "#iron", "uv": [ 6.625, 7.125, 8.875, 8.375 ] }
            }
        },
        {
            "name": "black_iron2",
            "from": [ 6.75, -8.25, 7.75 ], 
            "to": [ 8.75, -8, 8.75 ], 
            "faces": {
                "north": { "texture": "#black_iron", "uv": [ 7.25, 8, 9.25, 8.25 ] },
                "east": { "texture": "#black_iron", "uv": [ 7.25, 8, 8.25, 8.25 ] },
                "south": { "texture": "#black_iron", "uv": [ 6.75, 8, 8.75, 8.25 ] },
                "west": { "texture": "#black_iron", "uv": [ 7.75, 8, 8.75, 8.25 ] }
            }
        },
        {
            "name": "iron2",
            "from": [ 6.625, -8, 7.625 ], 
            "to": [ 8.875, -7.75, 8.875 ], 
            "faces": {
                "north": { "texture": "#iron", "uv": [ 7.125, 7.75, 9.375, 8 ] },
                "east": { "texture": "#iron", "uv": [ 7.125, 7.75, 8.375, 8 ] },
                "south": { "texture": "#iron", "uv": [ 6.625, 7.75, 8.875, 8 ] },
                "west": { "texture": "#iron", "uv": [ 7.625, 7.75, 8.875, 8 ] },
                "up": { "texture": "#iron", "uv": [ 6.625, 7.625, 8.875, 8.875 ] },
                "down": { "texture": "#iron", "uv": [ 6.625, 7.125, 8.875, 8.375 ] }
            }
        },
        {
            "name": "black_iron3",
            "from": [ 6.75, -7.75, 7.75 ], 
            "to": [ 8.75, -7.5, 8.75 ], 
            "faces": {
                "north": { "texture": "#black_iron", "uv": [ 7.25, 7.5, 9.25, 7.75 ] },
                "east": { "texture": "#black_iron", "uv": [ 7.25, 7.5, 8.25, 7.75 ] },
                "south": { "texture": "#black_iron", "uv": [ 6.75, 7.5, 8.75, 7.75 ] },
                "west": { "texture": "#black_iron", "uv": [ 7.75, 7.5, 8.75, 7.75 ] }
            }
        },
        {
            "name": "iron3",
            "from": [ 6.625, -7.5, 7.625 ], 
            "to": [ 8.875, -7.25, 8.875 ], 
            "faces": {
                "north": { "texture": "#iron", "uv": [ 7.125, 7.25, 9.375, 7.5 ] },
                "east": { "texture": "#iron", "uv": [ 7.125, 7.25, 8.375, 7.5 ] },
                "south": { "texture": "#iron", "uv": [ 6.625, 7.25, 8.875, 7.5 ] },
                "west": { "texture": "#iron", "uv": [ 7.625, 7.25, 8.875, 7.5 ] },
                "up": { "texture": "#iron", "uv": [ 6.625, 7.625, 8.875, 8.875 ] },
                "down": { "texture": "#iron", "uv": [ 6.625, 7.125, 8.875, 8.375 ] }
            }
        },
        {
            "name": "black_iron4",
            "from": [ 6.75, -7.25, 7.75 ], 
            "to": [ 8.75, -7, 8.75 ], 
            "faces": {
                "north": { "texture": "#black_iron", "uv": [ 7.25, 7, 9.25, 7.25 ] },
                "east": { "texture": "#black_iron", "uv": [ 7.25, 7, 8.25, 7.25 ] },
                "south": { "texture": "#black_iron", "uv": [ 6.75, 7, 8.75, 7.25 ] },
                "west": { "texture": "#black_iron", "uv": [ 7.75, 7, 8.75, 7.25 ] }
            }
        },
        {
            "name": "iron4",
            "from": [ 6.625, -7, 7.625 ], 
            "to": [ 8.875, -6.75, 8.875 ], 
            "faces": {
                "north": { "texture": "#iron", "uv": [ 7.125, 6.75, 9.375, 7 ] },
                "east": { "texture": "#iron", "uv": [ 7.125, 6.75, 8.375, 7 ] },
                "south": { "texture": "#iron", "uv": [ 6.625, 6.75, 8.875, 7 ] },
                "west": { "texture": "#iron", "uv": [ 7.625, 6.75, 8.875, 7 ] },
                "up": { "texture": "#iron", "uv": [ 6.625, 7.625, 8.875, 8.875 ] },
                "down": { "texture": "#iron", "uv": [ 6.625, 7.125, 8.875, 8.375 ] }
            }
        },
        {
            "name": "black_iron5",
            "from": [ 6.75, -6.75, 7.75 ], 
            "to": [ 8.75, -6.5, 8.75 ], 
            "faces": {
                "north": { "texture": "#black_iron", "uv": [ 7.25, 6.5, 9.25, 6.75 ] },
                "east": { "texture": "#black_iron", "uv": [ 7.25, 6.5, 8.25, 6.75 ] },
                "south": { "texture": "#black_iron", "uv": [ 6.75, 6.5, 8.75, 6.75 ] },
                "west": { "texture": "#black_iron", "uv": [ 7.75, 6.5, 8.75, 6.75 ] }
            }
        },
        {
            "name": "iron5",
            "from": [ 6.625, -6.5, 7.625 ], 
            "to": [ 8.875, -6.25, 8.875 ], 
            "faces": {
                "north": { "texture": "#iron", "uv": [ 7.125, 6.25, 9.375, 6.5 ] },
                "east": { "texture": "#iron", "uv": [ 7.125, 6.25, 8.375, 6.5 ] },
                "south": { "texture": "#iron", "uv": [ 6.625, 6.25, 8.875, 6.5 ] },
                "west": { "texture": "#iron", "uv": [ 7.625, 6.25, 8.875, 6.5 ] },
                "up": { "texture": "#iron", "uv": [ 6.625, 7.625, 8.875, 8.875 ] },
                "down": { "texture": "#iron", "uv": [ 6.625, 7.125, 8.875, 8.375 ] }
            }
        },
        {
            "name": "black_iron6",
            "from": [ 6.75, -6.25, 7.75 ], 
            "to": [ 8.75, -6, 8.75 ], 
            "faces": {
                "north": { "texture": "#black_iron", "uv": [ 7.25, 6, 9.25, 6.25 ] },
                "east": { "texture": "#black_iron", "uv": [ 7.25, 6, 8.25, 6.25 ] },
                "south": { "texture": "#black_iron", "uv": [ 6.75, 6, 8.75, 6.25 ] },
                "west": { "texture": "#black_iron", "uv": [ 7.75, 6, 8.75, 6.25 ] }
            }
        },
        {
            "name": "iron6",
            "from": [ 6.625, -6, 7.625 ], 
            "to": [ 8.875, -5.75, 8.875 ], 
            "faces": {
                "north": { "texture": "#iron", "uv": [ 7.125, 5.75, 9.375, 6 ] },
                "east": { "texture": "#iron", "uv": [ 7.125, 5.75, 8.375, 6 ] },
                "south": { "texture": "#iron", "uv": [ 6.625, 5.75, 8.875, 6 ] },
                "west": { "texture": "#iron", "uv": [ 7.625, 5.75, 8.875, 6 ] },
                "up": { "texture": "#iron", "uv": [ 6.625, 7.625, 8.875, 8.875 ] },
                "down": { "texture": "#iron", "uv": [ 6.625, 7.125, 8.875, 8.375 ] }
            }
        },
        {
            "name": "black_iron7",
            "from": [ 6.75, -5.75, 7.75 ], 
            "to": [ 8.75, -5.5, 8.75 ], 
            "faces": {
                "north": { "texture": "#black_iron", "uv": [ 7.25, 5.5, 9.25, 5.75 ] },
                "east": { "texture": "#black_iron", "uv": [ 7.25, 5.5, 8.25, 5.75 ] },
                "south": { "texture": "#black_iron", "uv": [ 6.75, 5.5, 8.75, 5.75 ] },
                "west": { "texture": "#black_iron", "uv": [ 7.75, 5.5, 8.75, 5.75 ] }
            }
        },
        {
            "name": "iron7",
            "from": [ 6.625, -5.5, 7.625 ], 
            "to": [ 8.875, -5.25, 8.875 ], 
            "faces": {
                "north": { "texture": "#iron", "uv": [ 7.125, 5.25, 9.375, 5.5 ] },
                "east": { "texture": "#iron", "uv": [ 7.125, 5.25, 8.375, 5.5 ] },
                "south": { "texture": "#iron", "uv": [ 6.625, 5.25, 8.875, 5.5 ] },
                "west": { "texture": "#iron", "uv": [ 7.625, 5.25, 8.875, 5.5 ] },
                "up": { "texture": "#iron", "uv": [ 6.625, 7.625, 8.875, 8.875 ] },
                "down": { "texture": "#iron", "uv": [ 6.625, 7.125, 8.875, 8.375 ] }
            }
        },
        {
            "name": "black_iron8",
            "from": [ 6.75, -5.25, 7.75 ], 
            "to": [ 8, -5, 8.75 ], 
            "faces": {
                "north": { "texture": "#black_iron", "uv": [ 8, 5, 9.25, 5.25 ] },
                "east": { "texture": "#black_iron", "uv": [ 7.25, 5, 8.25, 5.25 ] },
                "south": { "texture": "#black_iron", "uv": [ 6.75, 5, 8, 5.25 ] },
                "west": { "texture": "#black_iron", "uv": [ 7.75, 5, 8.75, 5.25 ] },
                "up": { "texture": "#black_iron", "uv": [ 6.75, 7.75, 8, 8.75 ] }
            }
        },
        {
            "name": "iron",
            "from": [ 6.625, -3.75, 7.625 ], 
            "to": [ 8.875, -3.5, 8.875 ], 
            "faces": {
                "north": { "texture": "#iron", "uv": [ 7.125, 3.5, 9.375, 3.75 ] },
                "east": { "texture": "#iron", "uv": [ 7.125, 3.5, 8.375, 3.75 ] },
                "south": { "texture": "#iron", "uv": [ 6.625, 3.5, 8.875, 3.75 ] },
                "west": { "texture": "#iron", "uv": [ 7.625, 3.5, 8.875, 3.75 ] },
                "up": { "texture": "#iron", "uv": [ 6.625, 7.625, 8.875, 8.875 ] },
                "down": { "texture": "#iron", "uv": [ 6.625, 7.125, 8.875, 8.375 ] }
            }
        },
        {
            "name": "gold2",
            "from": [ 6.75, -3.5, 7.75 ], 
            "to": [ 8.75, -3, 8.75 ], 
            "faces": {
                "north": { "texture": "#gold", "uv": [ 7.25, 3, 9.25, 3.5 ] },
                "east": { "texture": "#gold", "uv": [ 7.25, 3, 8.25, 3.5 ] },
                "south": { "texture": "#gold", "uv": [ 6.75, 3, 8.75, 3.5 ] },
                "west": { "texture": "#gold", "uv": [ 7.75, 3, 8.75, 3.5 ] },
                "up": { "texture": "#gold", "uv": [ 6.75, 7.75, 8.75, 8.75 ] }
            }
        },
        {
            "name": "black_iron11",
            "from": [ 7, -8.75, 7.5 ], 
            "to": [ 8.5, -8.5, 7.751 ], 
            "faces": {
                "north": { "texture": "#black_iron", "uv": [ 7.5, 8.5, 9, 8.75 ] },
                "east": { "texture": "#black_iron", "uv": [ 8.249, 8.5, 8.5, 8.75 ] },
                "west": { "texture": "#black_iron", "uv": [ 7.5, 8.5, 7.751, 8.75 ] }
            }
        },
        {
            "name": "black_iron12",
            "from": [ 7, -8.75, 8.75 ], 
            "to": [ 8.5, -8.5, 9.001 ], 
            "faces": {
                "east": { "texture": "#black_iron", "uv": [ 6.999, 8.5, 7.25, 8.75 ] },
                "south": { "texture": "#black_iron", "uv": [ 7, 8.5, 8.5, 8.75 ] },
                "west": { "texture": "#black_iron", "uv": [ 8.75, 8.5, 9.001, 8.75 ] }
            }
        },
        {
            "name": "black_iron13",
            "from": [ 7, -8.25, 7.5 ], 
            "to": [ 8.5, -8, 7.751 ], 
            "faces": {
                "north": { "texture": "#black_iron", "uv": [ 7.5, 8, 9, 8.25 ] },
                "east": { "texture": "#black_iron", "uv": [ 8.249, 8, 8.5, 8.25 ] },
                "west": { "texture": "#black_iron", "uv": [ 7.5, 8, 7.751, 8.25 ] }
            }
        },
        {
            "name": "black_iron14",
            "from": [ 7, -8.25, 8.75 ], 
            "to": [ 8.5, -8, 9.001 ], 
            "faces": {
                "east": { "texture": "#black_iron", "uv": [ 6.999, 8, 7.25, 8.25 ] },
                "south": { "texture": "#black_iron", "uv": [ 7, 8, 8.5, 8.25 ] },
                "west": { "texture": "#black_iron", "uv": [ 8.75, 8, 9.001, 8.25 ] }
            }
        },
        {
            "name": "black_iron15",
            "from": [ 7, -7.75, 7.5 ], 
            "to": [ 8.5, -7.5, 7.751 ], 
            "faces": {
                "north": { "texture": "#black_iron", "uv": [ 7.5, 7.5, 9, 7.75 ] },
                "east": { "texture": "#black_iron", "uv": [ 8.249, 7.5, 8.5, 7.75 ] },
                "west": { "texture": "#black_iron", "uv": [ 7.5, 7.5, 7.751, 7.75 ] }
            }
        },
        {
            "name": "black_iron16",
            "from": [ 7, -7.75, 8.75 ], 
            "to": [ 8.5, -7.5, 9.001 ], 
            "faces": {
                "east": { "texture": "#black_iron", "uv": [ 6.999, 7.5, 7.25, 7.75 ] },
                "south": { "texture": "#black_iron", "uv": [ 7, 7.5, 8.5, 7.75 ] },
                "west": { "texture": "#black_iron", "uv": [ 8.75, 7.5, 9.001, 7.75 ] }
            }
        },
        {
            "name": "iron14",
            "from": [ 6.875, -7.5, 7.375 ], 
            "to": [ 8.625, -7.25, 7.875 ], 
            "faces": {
                "north": { "texture": "#iron", "uv": [ 7.375, 7.25, 9.125, 7.5 ] },
                "east": { "texture": "#iron", "uv": [ 8.125, 7.25, 8.625, 7.5 ] },
                "west": { "texture": "#iron", "uv": [ 7.375, 7.25, 7.875, 7.5 ] },
                "up": { "texture": "#iron", "uv": [ 6.875, 7.375, 8.625, 7.875 ] },
                "down": { "texture": "#iron", "uv": [ 6.875, 8.125, 8.625, 8.625 ] }
            }
        },
        {
            "name": "iron15",
            "from": [ 6.875, -7.5, 8.625 ], 
            "to": [ 8.625, -7.25, 9.125 ], 
            "faces": {
                "east": { "texture": "#iron", "uv": [ 6.875, 7.25, 7.375, 7.5 ] },
                "south": { "texture": "#iron", "uv": [ 6.875, 7.25, 8.625, 7.5 ] },
                "west": { "texture": "#iron", "uv": [ 8.625, 7.25, 9.125, 7.5 ] },
                "up": { "texture": "#iron", "uv": [ 6.875, 8.625, 8.625, 9.125 ] },
                "down": { "texture": "#iron", "uv": [ 6.875, 6.875, 8.625, 7.375 ] }
            }
        },
        {
            "name": "black_iron17",
            "from": [ 7, -7.25, 7.5 ], 
            "to": [ 8.5, -7, 7.751 ], 
            "faces": {
                "north": { "texture": "#black_iron", "uv": [ 7.5, 7, 9, 7.25 ] },
                "east": { "texture": "#black_iron", "uv": [ 8.249, 7, 8.5, 7.25 ] },
                "west": { "texture": "#black_iron", "uv": [ 7.5, 7, 7.751, 7.25 ] }
            }
        },
        {
            "name": "black_iron18",
            "from": [ 7, -7.25, 8.75 ], 
            "to": [ 8.5, -7, 9.001 ], 
            "faces": {
                "east": { "texture": "#black_iron", "uv": [ 6.999, 7, 7.25, 7.25 ] },
                "south": { "texture": "#black_iron", "uv": [ 7, 7, 8.5, 7.25 ] },
                "west": { "texture": "#black_iron", "uv": [ 8.75, 7, 9.001, 7.25 ] }
            }
        },
        {
            "name": "iron16",
            "from": [ 6.875, -7, 7.375 ], 
            "to": [ 8.625, -6.75, 7.875 ], 
            "faces": {
                "north": { "texture": "#iron", "uv": [ 7.375, 6.75, 9.125, 7 ] },
                "east": { "texture": "#iron", "uv": [ 8.125, 6.75, 8.625, 7 ] },
                "west": { "texture": "#iron", "uv": [ 7.375, 6.75, 7.875, 7 ] },
                "up": { "texture": "#iron", "uv": [ 6.875, 7.375, 8.625, 7.875 ] },
                "down": { "texture": "#iron", "uv": [ 6.875, 8.125, 8.625, 8.625 ] }
            }
        },
        {
            "name": "iron17",
            "from": [ 6.875, -7, 8.625 ], 
            "to": [ 8.625, -6.75, 9.125 ], 
            "faces": {
                "east": { "texture": "#iron", "uv": [ 6.875, 6.75, 7.375, 7 ] },
                "south": { "texture": "#iron", "uv": [ 6.875, 6.75, 8.625, 7 ] },
                "west": { "texture": "#iron", "uv": [ 8.625, 6.75, 9.125, 7 ] },
                "up": { "texture": "#iron", "uv": [ 6.875, 8.625, 8.625, 9.125 ] },
                "down": { "texture": "#iron", "uv": [ 6.875, 6.875, 8.625, 7.375 ] }
            }
        },
        {
            "name": "black_iron19",
            "from": [ 7, -6.75, 7.5 ], 
            "to": [ 8.5, -6.5, 7.751 ], 
            "faces": {
                "north": { "texture": "#black_iron", "uv": [ 7.5, 6.5, 9, 6.75 ] },
                "east": { "texture": "#black_iron", "uv": [ 8.249, 6.5, 8.5, 6.75 ] },
                "west": { "texture": "#black_iron", "uv": [ 7.5, 6.5, 7.751, 6.75 ] }
            }
        },
        {
            "name": "black_iron20",
            "from": [ 7, -6.75, 8.75 ], 
            "to": [ 8.5, -6.5, 9.001 ], 
            "faces": {
                "east": { "texture": "#black_iron", "uv": [ 6.999, 6.5, 7.25, 6.75 ] },
                "south": { "texture": "#black_iron", "uv": [ 7, 6.5, 8.5, 6.75 ] },
                "west": { "texture": "#black_iron", "uv": [ 8.75, 6.5, 9.001, 6.75 ] }
            }
        },
        {
            "name": "black_iron22",
            "from": [ 7, -6.25, 8.75 ], 
            "to": [ 8.5, -6, 9.001 ], 
            "faces": {
                "east": { "texture": "#black_iron", "uv": [ 6.999, 6, 7.25, 6.25 ] },
                "south": { "texture": "#black_iron", "uv": [ 7, 6, 8.5, 6.25 ] },
                "west": { "texture": "#black_iron", "uv": [ 8.75, 6, 9.001, 6.25 ] }
            }
        },
        {
            "name": "black_iron24",
            "from": [ 7, -5.75, 8.75 ], 
            "to": [ 8.5, -5.5, 9.001 ], 
            "faces": {
                "east": { "texture": "#black_iron", "uv": [ 6.999, 5.5, 7.25, 5.75 ] },
                "south": { "texture": "#black_iron", "uv": [ 7, 5.5, 8.5, 5.75 ] },
                "west": { "texture": "#black_iron", "uv": [ 8.75, 5.5, 9.001, 5.75 ] }
            }
        },
        {
            "name": "black_iron26",
            "from": [ 7, -5.25, 8.75 ], 
            "to": [ 8.5, -5, 9.001 ], 
            "faces": {
                "north": { "texture": "#black_iron", "uv": [ 7.5, 5, 9, 5.25 ] },
                "east": { "texture": "#black_iron", "uv": [ 6.999, 5, 7.25, 5.25 ] },
                "south": { "texture": "#black_iron", "uv": [ 7, 5, 8.5, 5.25 ] },
                "west": { "texture": "#black_iron", "uv": [ 8.75, 5, 9.001, 5.25 ] },
                "up": { "texture": "#black_iron", "uv": [ 7, 8.75, 8.5, 9.001 ] }
            }
        },
        {
            "name": "black_iron4",
            "from": [ 7, -4, 7.75 ], 
            "to": [ 8.5, -3.75, 8.75 ], 
            "faces": {
                "north": { "texture": "#black_iron", "uv": [ 7.5, 3.75, 9, 4 ] },
                "east": { "texture": "#black_iron", "uv": [ 7.25, 3.75, 8.25, 4 ] },
                "south": { "texture": "#black_iron", "uv": [ 7, 3.75, 8.5, 4 ] },
                "west": { "texture": "#black_iron", "uv": [ 7.75, 3.75, 8.75, 4 ] },
                "down": { "texture": "#black_iron", "uv": [ 7, 7.25, 8.5, 8.25 ] }
            }
        },
        {
            "name": "iron1",
            "from": [ 6.875, -3.75, 7.375 ], 
            "to": [ 8.625, -3.5, 7.875 ], 
            "faces": {
                "north": { "texture": "#iron", "uv": [ 7.375, 3.5, 9.125, 3.75 ] },
                "east": { "texture": "#iron", "uv": [ 8.125, 3.5, 8.625, 3.75 ] },
                "west": { "texture": "#iron", "uv": [ 7.375, 3.5, 7.875, 3.75 ] },
                "up": { "texture": "#iron", "uv": [ 6.875, 7.375, 8.625, 7.875 ] },
                "down": { "texture": "#iron", "uv": [ 6.875, 8.125, 8.625, 8.625 ] }
            }
        },
        {
            "name": "iron3",
            "from": [ 6.875, -3.75, 8.625 ], 
            "to": [ 8.625, -3.5, 9.125 ], 
            "faces": {
                "east": { "texture": "#iron", "uv": [ 6.875, 3.5, 7.375, 3.75 ] },
                "south": { "texture": "#iron", "uv": [ 6.875, 3.5, 8.625, 3.75 ] },
                "west": { "texture": "#iron", "uv": [ 8.625, 3.5, 9.125, 3.75 ] },
                "up": { "texture": "#iron", "uv": [ 6.875, 8.625, 8.625, 9.125 ] },
                "down": { "texture": "#iron", "uv": [ 6.875, 6.875, 8.625, 7.375 ] }
            }
        },
        {
            "name": "gold4",
            "from": [ 7, -3.5, 7.5 ], 
            "to": [ 8.5, -3, 7.75 ], 
            "faces": {
                "north": { "texture": "#gold", "uv": [ 7.5, 3, 9, 3.5 ] },
                "east": { "texture": "#gold", "uv": [ 8.25, 3, 8.5, 3.5 ] },
                "west": { "texture": "#gold", "uv": [ 7.5, 3, 7.75, 3.5 ] },
                "up": { "texture": "#gold", "uv": [ 7, 7.5, 8.5, 7.75 ] }
            }
        },
        {
            "name": "gold1",
            "from": [ 7, -3.5, 8.75 ], 
            "to": [ 8.5, -3, 9 ], 
            "faces": {
                "east": { "texture": "#gold", "uv": [ 7, 3, 7.25, 3.5 ] },
                "south": { "texture": "#gold", "uv": [ 7, 3, 8.5, 3.5 ] },
                "west": { "texture": "#gold", "uv": [ 8.75, 3, 9, 3.5 ] },
                "up": { "texture": "#gold", "uv": [ 7, 8.75, 8.5, 9 ] }
            }
        },
        {
            "name": "iron16",
            "from": [ 7, -1.75, 8 ], 
            "to": [ 8.5, -1.5, 8.5 ], 
            "faces": {
                "north": { "texture": "#iron", "uv": [ 7.5, 1.5, 9, 1.75 ] },
                "east": { "texture": "#iron", "uv": [ 7.5, 1.5, 8, 1.75 ] },
                "south": { "texture": "#iron", "uv": [ 7, 1.5, 8.5, 1.75 ] },
                "west": { "texture": "#iron", "uv": [ 8, 1.5, 8.5, 1.75 ] },
                "down": { "texture": "#iron", "uv": [ 7, 7.5, 8.5, 8 ] }
            }
        },
        {
            "name": "iron10",
            "from": [ 7, -1.5, 7.75 ], 
            "to": [ 8.5, -0.75, 8 ], 
            "faces": {
                "north": { "texture": "#iron", "uv": [ 7.5, 0.75, 9, 1.5 ] },
                "east": { "texture": "#iron", "uv": [ 8, 0.75, 8.25, 1.5 ] },
                "west": { "texture": "#iron", "uv": [ 7.75, 0.75, 8, 1.5 ] },
                "down": { "texture": "#iron", "uv": [ 7, 8, 8.5, 8.25 ] }
            }
        },
        {
            "name": "iron11",
            "from": [ 7, -1.5, 8.5 ], 
            "to": [ 8.5, -0.75, 8.75 ], 
            "faces": {
                "east": { "texture": "#iron", "uv": [ 7.25, 0.75, 7.5, 1.5 ] },
                "south": { "texture": "#iron", "uv": [ 7, 0.75, 8.5, 1.5 ] },
                "west": { "texture": "#iron", "uv": [ 8.5, 0.75, 8.75, 1.5 ] },
                "down": { "texture": "#iron", "uv": [ 7, 7.25, 8.5, 7.5 ] }
            }
        },
        {
            "name": "iron4",
            "from": [ 7, -0.75, 7.5 ], 
            "to": [ 8.5, -0.25, 7.75 ], 
            "faces": {
                "north": { "texture": "#iron", "uv": [ 7.5, 0.25, 9, 0.75 ] },
                "east": { "texture": "#iron", "uv": [ 8.25, 0.25, 8.5, 0.75 ] },
                "west": { "texture": "#iron", "uv": [ 7.5, 0.25, 7.75, 0.75 ] },
                "up": { "texture": "#iron", "uv": [ 7, 7.5, 8.5, 7.75 ] },
                "down": { "texture": "#iron", "uv": [ 7, 8.25, 8.5, 8.5 ] }
            }
        },
        {
            "name": "iron7",
            "from": [ 7, -0.75, 8.75 ], 
            "to": [ 8.5, -0.25, 9 ], 
            "faces": {
                "east": { "texture": "#iron", "uv": [ 7, 0.25, 7.25, 0.75 ] },
                "south": { "texture": "#iron", "uv": [ 7, 0.25, 8.5, 0.75 ] },
                "west": { "texture": "#iron", "uv": [ 8.75, 0.25, 9, 0.75 ] },
                "up": { "texture": "#iron", "uv": [ 7, 8.75, 8.5, 9 ] },
                "down": { "texture": "#iron", "uv": [ 7, 7, 8.5, 7.25 ] }
            }
        },
        {
            "name": "iron",
            "from": [ 7.125, -15.25, 7.125 ], 
            "to": [ 8.375, -14.75, 7.625 ], 
            "faces": {
                "north": { "texture": "#iron", "uv": [ 7.625, 14.75, 8.875, 15.25 ] },
                "east": { "texture": "#iron", "uv": [ 8.375, 14.75, 8.875, 15.25 ] },
                "south": { "texture": "#iron", "uv": [ 7.125, 14.75, 8.375, 15.25 ] },
                "west": { "texture": "#iron", "uv": [ 7.125, 14.75, 7.625, 15.25 ] },
                "up": { "texture": "#iron", "uv": [ 7.125, 7.125, 8.375, 7.625 ] },
                "down": { "texture": "#iron", "uv": [ 7.125, 8.375, 8.375, 8.875 ] }
            }
        },
        {
            "name": "iron3",
            "from": [ 7.125, -15.5, 7.375 ], 
            "to": [ 8.375, -15.25, 7.875 ], 
            "faces": {
                "north": { "texture": "#iron", "uv": [ 7.625, 15.25, 8.875, 15.5 ] },
                "east": { "texture": "#iron", "uv": [ 8.125, 15.25, 8.625, 15.5 ] },
                "west": { "texture": "#iron", "uv": [ 7.375, 15.25, 7.875, 15.5 ] },
                "up": { "texture": "#iron", "uv": [ 7.125, 7.375, 8.375, 7.875 ] },
                "down": { "texture": "#iron", "uv": [ 7.125, 8.125, 8.375, 8.625 ] }
            }
        },
        {
            "name": "iron13",
            "from": [ 7.125, -15.5, 8.625 ], 
            "to": [ 8.375, -15.25, 9.125 ], 
            "faces": {
                "east": { "texture": "#iron", "uv": [ 6.875, 15.25, 7.375, 15.5 ] },
                "south": { "texture": "#iron", "uv": [ 7.125, 15.25, 8.375, 15.5 ] },
                "west": { "texture": "#iron", "uv": [ 8.625, 15.25, 9.125, 15.5 ] },
                "up": { "texture": "#iron", "uv": [ 7.125, 8.625, 8.375, 9.125 ] },
                "down": { "texture": "#iron", "uv": [ 7.125, 6.875, 8.375, 7.375 ] }
            }
        },
        {
            "name": "iron17",
            "from": [ 7.125, -15.25, 8.875 ], 
            "to": [ 8.375, -14.75, 9.375 ], 
            "faces": {
                "north": { "texture": "#iron", "uv": [ 7.625, 14.75, 8.875, 15.25 ] },
                "east": { "texture": "#iron", "uv": [ 6.625, 14.75, 7.125, 15.25 ] },
                "south": { "texture": "#iron", "uv": [ 7.125, 14.75, 8.375, 15.25 ] },
                "west": { "texture": "#iron", "uv": [ 8.875, 14.75, 9.375, 15.25 ] },
                "up": { "texture": "#iron", "uv": [ 7.125, 8.875, 8.375, 9.375 ] },
                "down": { "texture": "#iron", "uv": [ 7.125, 6.625, 8.375, 7.125 ] }
            }
        },
        {
            "name": "iron4",
            "from": [ 7.125, -15, 7.375 ], 
            "to": [ 8.625, -14.75, 7.875 ], 
            "faces": {
                "north": { "texture": "#iron", "uv": [ 7.375, 14.75, 8.875, 15 ] },
                "east": { "texture": "#iron", "uv": [ 8.125, 14.75, 8.625, 15 ] },
                "up": { "texture": "#iron", "uv": [ 7.125, 7.375, 8.625, 7.875 ] },
                "down": { "texture": "#iron", "uv": [ 7.125, 8.125, 8.625, 8.625 ] }
            }
        },
        {
            "name": "iron14",
            "from": [ 7.125, -15, 8.625 ], 
            "to": [ 8.625, -14.75, 9.125 ], 
            "faces": {
                "east": { "texture": "#iron", "uv": [ 6.875, 14.75, 7.375, 15 ] },
                "south": { "texture": "#iron", "uv": [ 7.125, 14.75, 8.625, 15 ] },
                "up": { "texture": "#iron", "uv": [ 7.125, 8.625, 8.625, 9.125 ] },
                "down": { "texture": "#iron", "uv": [ 7.125, 6.875, 8.625, 7.375 ] }
            }
        },
        {
            "name": "iron1",
            "from": [ 7.25, -14.75, 7.25 ], 
            "to": [ 8.25, -14, 7.5 ], 
            "faces": {
                "north": { "texture": "#iron", "uv": [ 7.75, 14, 8.75, 14.75 ] },
                "east": { "texture": "#iron", "uv": [ 8.5, 14, 8.75, 14.75 ] },
                "west": { "texture": "#iron", "uv": [ 7.25, 14, 7.5, 14.75 ] }
            }
        },
        {
            "name": "iron18",
            "from": [ 7.25, -14.75, 9 ], 
            "to": [ 8.25, -14, 9.25 ], 
            "faces": {
                "east": { "texture": "#iron", "uv": [ 6.75, 14, 7, 14.75 ] },
                "south": { "texture": "#iron", "uv": [ 7.25, 14, 8.25, 14.75 ] },
                "west": { "texture": "#iron", "uv": [ 9, 14, 9.25, 14.75 ] }
            }
        },
        {
            "name": "iron1",
            "from": [ 7.125, -14, 7.125 ], 
            "to": [ 8.375, -13.5, 7.625 ], 
            "faces": {
                "north": { "texture": "#iron", "uv": [ 7.625, 13.5, 8.875, 14 ] },
                "east": { "texture": "#iron", "uv": [ 8.375, 13.5, 8.875, 14 ] },
                "west": { "texture": "#iron", "uv": [ 7.125, 13.5, 7.625, 14 ] },
                "up": { "texture": "#iron", "uv": [ 7.125, 7.125, 8.375, 7.625 ] },
                "down": { "texture": "#iron", "uv": [ 7.125, 8.375, 8.375, 8.875 ] }
            }
        },
        {
            "name": "iron4",
            "from": [ 7.125, -14, 8.875 ], 
            "to": [ 8.375, -13.5, 9.375 ], 
            "faces": {
                "east": { "texture": "#iron", "uv": [ 6.625, 13.5, 7.125, 14 ] },
                "south": { "texture": "#iron", "uv": [ 7.125, 13.5, 8.375, 14 ] },
                "west": { "texture": "#iron", "uv": [ 8.875, 13.5, 9.375, 14 ] },
                "up": { "texture": "#iron", "uv": [ 7.125, 8.875, 8.375, 9.375 ] },
                "down": { "texture": "#iron", "uv": [ 7.125, 6.625, 8.375, 7.125 ] }
            }
        },
        {
            "name": "iron3",
            "from": [ 7.25, -13.5, 7.25 ], 
            "to": [ 8.25, -9.25, 7.5 ], 
            "faces": {
                "north": { "texture": "#iron", "uv": [ 7.75, 9.25, 8.75, 13.5 ] },
                "east": { "texture": "#iron", "uv": [ 8.5, 9.25, 8.75, 13.5 ] },
                "west": { "texture": "#iron", "uv": [ 7.25, 9.25, 7.5, 13.5 ] }
            }
        },
        {
            "name": "iron4",
            "from": [ 7.25, -13.5, 9 ], 
            "to": [ 8.25, -9.25, 9.25 ], 
            "faces": {
                "east": { "texture": "#iron", "uv": [ 6.75, 9.25, 7, 13.5 ] },
                "south": { "texture": "#iron", "uv": [ 7.25, 9.25, 8.25, 13.5 ] },
                "west": { "texture": "#iron", "uv": [ 9, 9.25, 9.25, 13.5 ] }
            }
        },
        {
            "name": "black_iron27",
            "from": [ 7.25, -9.25, 7.25 ], 
            "to": [ 8.25, -9, 7.501 ], 
            "faces": {
                "north": { "texture": "#black_iron", "uv": [ 7.75, 9, 8.75, 9.25 ] },
                "east": { "texture": "#black_iron", "uv": [ 8.499, 9, 8.75, 9.25 ] },
                "west": { "texture": "#black_iron", "uv": [ 7.25, 9, 7.501, 9.25 ] }
            }
        },
        {
            "name": "black_iron28",
            "from": [ 7.25, -9.25, 9 ], 
            "to": [ 8.25, -9, 9.251 ], 
            "faces": {
                "east": { "texture": "#black_iron", "uv": [ 6.749, 9, 7, 9.25 ] },
                "south": { "texture": "#black_iron", "uv": [ 7.25, 9, 8.25, 9.25 ] },
                "west": { "texture": "#black_iron", "uv": [ 9, 9, 9.251, 9.25 ] }
            }
        },
        {
            "name": "iron24",
            "from": [ 7.125, -9, 7.125 ], 
            "to": [ 8.375, -8.75, 7.625 ], 
            "faces": {
                "north": { "texture": "#iron", "uv": [ 7.625, 8.75, 8.875, 9 ] },
                "east": { "texture": "#iron", "uv": [ 8.375, 8.75, 8.875, 9 ] },
                "west": { "texture": "#iron", "uv": [ 7.125, 8.75, 7.625, 9 ] },
                "up": { "texture": "#iron", "uv": [ 7.125, 7.125, 8.375, 7.625 ] },
                "down": { "texture": "#iron", "uv": [ 7.125, 8.375, 8.375, 8.875 ] }
            }
        },
        {
            "name": "iron25",
            "from": [ 7.125, -9, 8.875 ], 
            "to": [ 8.375, -8.75, 9.375 ], 
            "faces": {
                "east": { "texture": "#iron", "uv": [ 6.625, 8.75, 7.125, 9 ] },
                "south": { "texture": "#iron", "uv": [ 7.125, 8.75, 8.375, 9 ] },
                "west": { "texture": "#iron", "uv": [ 8.875, 8.75, 9.375, 9 ] },
                "up": { "texture": "#iron", "uv": [ 7.125, 8.875, 8.375, 9.375 ] },
                "down": { "texture": "#iron", "uv": [ 7.125, 6.625, 8.375, 7.125 ] }
            }
        },
        {
            "name": "black_iron29",
            "from": [ 7.25, -8.75, 7.25 ], 
            "to": [ 8.25, -8.5, 7.501 ], 
            "faces": {
                "north": { "texture": "#black_iron", "uv": [ 7.75, 8.5, 8.75, 8.75 ] },
                "east": { "texture": "#black_iron", "uv": [ 8.499, 8.5, 8.75, 8.75 ] },
                "west": { "texture": "#black_iron", "uv": [ 7.25, 8.5, 7.501, 8.75 ] }
            }
        },
        {
            "name": "black_iron30",
            "from": [ 7.25, -8.75, 9 ], 
            "to": [ 8.25, -8.5, 9.251 ], 
            "faces": {
                "east": { "texture": "#black_iron", "uv": [ 6.749, 8.5, 7, 8.75 ] },
                "south": { "texture": "#black_iron", "uv": [ 7.25, 8.5, 8.25, 8.75 ] },
                "west": { "texture": "#black_iron", "uv": [ 9, 8.5, 9.251, 8.75 ] }
            }
        },
        {
            "name": "iron26",
            "from": [ 7.125, -8.5, 7.125 ], 
            "to": [ 8.375, -8.25, 7.625 ], 
            "faces": {
                "north": { "texture": "#iron", "uv": [ 7.625, 8.25, 8.875, 8.5 ] },
                "east": { "texture": "#iron", "uv": [ 8.375, 8.25, 8.875, 8.5 ] },
                "west": { "texture": "#iron", "uv": [ 7.125, 8.25, 7.625, 8.5 ] },
                "up": { "texture": "#iron", "uv": [ 7.125, 7.125, 8.375, 7.625 ] },
                "down": { "texture": "#iron", "uv": [ 7.125, 8.375, 8.375, 8.875 ] }
            }
        },
        {
            "name": "iron27",
            "from": [ 7.125, -8.5, 8.875 ], 
            "to": [ 8.375, -8.25, 9.375 ], 
            "faces": {
                "east": { "texture": "#iron", "uv": [ 6.625, 8.25, 7.125, 8.5 ] },
                "south": { "texture": "#iron", "uv": [ 7.125, 8.25, 8.375, 8.5 ] },
                "west": { "texture": "#iron", "uv": [ 8.875, 8.25, 9.375, 8.5 ] },
                "up": { "texture": "#iron", "uv": [ 7.125, 8.875, 8.375, 9.375 ] },
                "down": { "texture": "#iron", "uv": [ 7.125, 6.625, 8.375, 7.125 ] }
            }
        },
        {
            "name": "black_iron31",
            "from": [ 7.25, -8.25, 7.25 ], 
            "to": [ 8.25, -8, 7.501 ], 
            "faces": {
                "north": { "texture": "#black_iron", "uv": [ 7.75, 8, 8.75, 8.25 ] },
                "east": { "texture": "#black_iron", "uv": [ 8.499, 8, 8.75, 8.25 ] },
                "west": { "texture": "#black_iron", "uv": [ 7.25, 8, 7.501, 8.25 ] }
            }
        },
        {
            "name": "black_iron32",
            "from": [ 7.25, -8.25, 9 ], 
            "to": [ 8.25, -8, 9.251 ], 
            "faces": {
                "east": { "texture": "#black_iron", "uv": [ 6.749, 8, 7, 8.25 ] },
                "south": { "texture": "#black_iron", "uv": [ 7.25, 8, 8.25, 8.25 ] },
                "west": { "texture": "#black_iron", "uv": [ 9, 8, 9.251, 8.25 ] }
            }
        },
        {
            "name": "iron28",
            "from": [ 7.125, -8, 7.125 ], 
            "to": [ 8.375, -7.75, 7.625 ], 
            "faces": {
                "north": { "texture": "#iron", "uv": [ 7.625, 7.75, 8.875, 8 ] },
                "east": { "texture": "#iron", "uv": [ 8.375, 7.75, 8.875, 8 ] },
                "west": { "texture": "#iron", "uv": [ 7.125, 7.75, 7.625, 8 ] },
                "up": { "texture": "#iron", "uv": [ 7.125, 7.125, 8.375, 7.625 ] },
                "down": { "texture": "#iron", "uv": [ 7.125, 8.375, 8.375, 8.875 ] }
            }
        },
        {
            "name": "iron29",
            "from": [ 7.125, -8, 8.875 ], 
            "to": [ 8.375, -7.75, 9.375 ], 
            "faces": {
                "east": { "texture": "#iron", "uv": [ 6.625, 7.75, 7.125, 8 ] },
                "south": { "texture": "#iron", "uv": [ 7.125, 7.75, 8.375, 8 ] },
                "west": { "texture": "#iron", "uv": [ 8.875, 7.75, 9.375, 8 ] },
                "up": { "texture": "#iron", "uv": [ 7.125, 8.875, 8.375, 9.375 ] },
                "down": { "texture": "#iron", "uv": [ 7.125, 6.625, 8.375, 7.125 ] }
            }
        },
        {
            "name": "black_iron33",
            "from": [ 7.25, -7.75, 7.25 ], 
            "to": [ 8.25, -7.5, 7.501 ], 
            "faces": {
                "north": { "texture": "#black_iron", "uv": [ 7.75, 7.5, 8.75, 7.75 ] },
                "east": { "texture": "#black_iron", "uv": [ 8.499, 7.5, 8.75, 7.75 ] },
                "west": { "texture": "#black_iron", "uv": [ 7.25, 7.5, 7.501, 7.75 ] }
            }
        },
        {
            "name": "black_iron34",
            "from": [ 7.25, -7.75, 9 ], 
            "to": [ 8.25, -7.5, 9.251 ], 
            "faces": {
                "east": { "texture": "#black_iron", "uv": [ 6.749, 7.5, 7, 7.75 ] },
                "south": { "texture": "#black_iron", "uv": [ 7.25, 7.5, 8.25, 7.75 ] },
                "west": { "texture": "#black_iron", "uv": [ 9, 7.5, 9.251, 7.75 ] }
            }
        },
        {
            "name": "iron30",
            "from": [ 7.125, -7.5, 7.125 ], 
            "to": [ 8.375, -7.25, 7.625 ], 
            "faces": {
                "north": { "texture": "#iron", "uv": [ 7.625, 7.25, 8.875, 7.5 ] },
                "east": { "texture": "#iron", "uv": [ 8.375, 7.25, 8.875, 7.5 ] },
                "west": { "texture": "#iron", "uv": [ 7.125, 7.25, 7.625, 7.5 ] },
                "up": { "texture": "#iron", "uv": [ 7.125, 7.125, 8.375, 7.625 ] },
                "down": { "texture": "#iron", "uv": [ 7.125, 8.375, 8.375, 8.875 ] }
            }
        },
        {
            "name": "iron31",
            "from": [ 7.125, -7.5, 8.875 ], 
            "to": [ 8.375, -7.25, 9.375 ], 
            "faces": {
                "east": { "texture": "#iron", "uv": [ 6.625, 7.25, 7.125, 7.5 ] },
                "south": { "texture": "#iron", "uv": [ 7.125, 7.25, 8.375, 7.5 ] },
                "west": { "texture": "#iron", "uv": [ 8.875, 7.25, 9.375, 7.5 ] },
                "up": { "texture": "#iron", "uv": [ 7.125, 8.875, 8.375, 9.375 ] },
                "down": { "texture": "#iron", "uv": [ 7.125, 6.625, 8.375, 7.125 ] }
            }
        },
        {
            "name": "black_iron35",
            "from": [ 7.25, -7.25, 7.25 ], 
            "to": [ 8.25, -7, 7.501 ], 
            "faces": {
                "north": { "texture": "#black_iron", "uv": [ 7.75, 7, 8.75, 7.25 ] },
                "east": { "texture": "#black_iron", "uv": [ 8.499, 7, 8.75, 7.25 ] },
                "west": { "texture": "#black_iron", "uv": [ 7.25, 7, 7.501, 7.25 ] }
            }
        },
        {
            "name": "black_iron36",
            "from": [ 7.25, -7.25, 9 ], 
            "to": [ 8.25, -7, 9.251 ], 
            "faces": {
                "east": { "texture": "#black_iron", "uv": [ 6.749, 7, 7, 7.25 ] },
                "south": { "texture": "#black_iron", "uv": [ 7.25, 7, 8.25, 7.25 ] },
                "west": { "texture": "#black_iron", "uv": [ 9, 7, 9.251, 7.25 ] }
            }
        },
        {
            "name": "iron32",
            "from": [ 7.125, -7, 7.125 ], 
            "to": [ 8.375, -6.75, 7.625 ], 
            "faces": {
                "north": { "texture": "#iron", "uv": [ 7.625, 6.75, 8.875, 7 ] },
                "east": { "texture": "#iron", "uv": [ 8.375, 6.75, 8.875, 7 ] },
                "west": { "texture": "#iron", "uv": [ 7.125, 6.75, 7.625, 7 ] },
                "up": { "texture": "#iron", "uv": [ 7.125, 7.125, 8.375, 7.625 ] },
                "down": { "texture": "#iron", "uv": [ 7.125, 8.375, 8.375, 8.875 ] }
            }
        },
        {
            "name": "iron33",
            "from": [ 7.125, -7, 8.875 ], 
            "to": [ 8.375, -6.75, 9.375 ], 
            "faces": {
                "east": { "texture": "#iron", "uv": [ 6.625, 6.75, 7.125, 7 ] },
                "south": { "texture": "#iron", "uv": [ 7.125, 6.75, 8.375, 7 ] },
                "west": { "texture": "#iron", "uv": [ 8.875, 6.75, 9.375, 7 ] },
                "up": { "texture": "#iron", "uv": [ 7.125, 8.875, 8.375, 9.375 ] },
                "down": { "texture": "#iron", "uv": [ 7.125, 6.625, 8.375, 7.125 ] }
            }
        },
        {
            "name": "black_iron37",
            "from": [ 7.25, -6.75, 7.25 ], 
            "to": [ 8.25, -6.5, 7.501 ], 
            "faces": {
                "north": { "texture": "#black_iron", "uv": [ 7.75, 6.5, 8.75, 6.75 ] },
                "east": { "texture": "#black_iron", "uv": [ 8.499, 6.5, 8.75, 6.75 ] },
                "west": { "texture": "#black_iron", "uv": [ 7.25, 6.5, 7.501, 6.75 ] }
            }
        },
        {
            "name": "black_iron38",
            "from": [ 7.25, -6.75, 9 ], 
            "to": [ 8.25, -6.5, 9.251 ], 
            "faces": {
                "east": { "texture": "#black_iron", "uv": [ 6.749, 6.5, 7, 6.75 ] },
                "south": { "texture": "#black_iron", "uv": [ 7.25, 6.5, 8.25, 6.75 ] },
                "west": { "texture": "#black_iron", "uv": [ 9, 6.5, 9.251, 6.75 ] }
            }
        },
        {
            "name": "iron34",
            "from": [ 7.125, -6.5, 7.125 ], 
            "to": [ 8.375, -6.25, 7.625 ], 
            "faces": {
                "north": { "texture": "#iron", "uv": [ 7.625, 6.25, 8.875, 6.5 ] },
                "east": { "texture": "#iron", "uv": [ 8.375, 6.25, 8.875, 6.5 ] },
                "west": { "texture": "#iron", "uv": [ 7.125, 6.25, 7.625, 6.5 ] },
                "up": { "texture": "#iron", "uv": [ 7.125, 7.125, 8.375, 7.625 ] },
                "down": { "texture": "#iron", "uv": [ 7.125, 8.375, 8.375, 8.875 ] }
            }
        },
        {
            "name": "iron35",
            "from": [ 7.125, -6.5, 8.875 ], 
            "to": [ 8.375, -6.25, 9.375 ], 
            "faces": {
                "east": { "texture": "#iron", "uv": [ 6.625, 6.25, 7.125, 6.5 ] },
                "south": { "texture": "#iron", "uv": [ 7.125, 6.25, 8.375, 6.5 ] },
                "west": { "texture": "#iron", "uv": [ 8.875, 6.25, 9.375, 6.5 ] },
                "up": { "texture": "#iron", "uv": [ 7.125, 8.875, 8.375, 9.375 ] },
                "down": { "texture": "#iron", "uv": [ 7.125, 6.625, 8.375, 7.125 ] }
            }
        },
        {
            "name": "black_iron39",
            "from": [ 7.25, -6.25, 7.25 ], 
            "to": [ 8.25, -6, 7.501 ], 
            "faces": {
                "north": { "texture": "#black_iron", "uv": [ 7.75, 6, 8.75, 6.25 ] },
                "east": { "texture": "#black_iron", "uv": [ 8.499, 6, 8.75, 6.25 ] },
                "west": { "texture": "#black_iron", "uv": [ 7.25, 6, 7.501, 6.25 ] }
            }
        },
        {
            "name": "black_iron40",
            "from": [ 7.25, -6.25, 9 ], 
            "to": [ 8.25, -6, 9.251 ], 
            "faces": {
                "east": { "texture": "#black_iron", "uv": [ 6.749, 6, 7, 6.25 ] },
                "south": { "texture": "#black_iron", "uv": [ 7.25, 6, 8.25, 6.25 ] },
                "west": { "texture": "#black_iron", "uv": [ 9, 6, 9.251, 6.25 ] }
            }
        },
        {
            "name": "iron36",
            "from": [ 7.125, -6, 7.125 ], 
            "to": [ 8.375, -5.75, 7.625 ], 
            "faces": {
                "north": { "texture": "#iron", "uv": [ 7.625, 5.75, 8.875, 6 ] },
                "east": { "texture": "#iron", "uv": [ 8.375, 5.75, 8.875, 6 ] },
                "west": { "texture": "#iron", "uv": [ 7.125, 5.75, 7.625, 6 ] },
                "up": { "texture": "#iron", "uv": [ 7.125, 7.125, 8.375, 7.625 ] },
                "down": { "texture": "#iron", "uv": [ 7.125, 8.375, 8.375, 8.875 ] }
            }
        },
        {
            "name": "iron37",
            "from": [ 7.125, -6, 8.875 ], 
            "to": [ 8.375, -5.75, 9.375 ], 
            "faces": {
                "east": { "texture": "#iron", "uv": [ 6.625, 5.75, 7.125, 6 ] },
                "south": { "texture": "#iron", "uv": [ 7.125, 5.75, 8.375, 6 ] },
                "west": { "texture": "#iron", "uv": [ 8.875, 5.75, 9.375, 6 ] },
                "up": { "texture": "#iron", "uv": [ 7.125, 8.875, 8.375, 9.375 ] },
                "down": { "texture": "#iron", "uv": [ 7.125, 6.625, 8.375, 7.125 ] }
            }
        },
        {
            "name": "black_iron41",
            "from": [ 7.25, -5.75, 7.25 ], 
            "to": [ 8.25, -5.5, 7.501 ], 
            "faces": {
                "north": { "texture": "#black_iron", "uv": [ 7.75, 5.5, 8.75, 5.75 ] },
                "east": { "texture": "#black_iron", "uv": [ 8.499, 5.5, 8.75, 5.75 ] },
                "west": { "texture": "#black_iron", "uv": [ 7.25, 5.5, 7.501, 5.75 ] }
            }
        },
        {
            "name": "black_iron42",
            "from": [ 7.25, -5.75, 9 ], 
            "to": [ 8.25, -5.5, 9.251 ], 
            "faces": {
                "east": { "texture": "#black_iron", "uv": [ 6.749, 5.5, 7, 5.75 ] },
                "south": { "texture": "#black_iron", "uv": [ 7.25, 5.5, 8.25, 5.75 ] },
                "west": { "texture": "#black_iron", "uv": [ 9, 5.5, 9.251, 5.75 ] }
            }
        },
        {
            "name": "iron38",
            "from": [ 7.125, -5.5, 7.125 ], 
            "to": [ 8.375, -5.25, 7.625 ], 
            "faces": {
                "north": { "texture": "#iron", "uv": [ 7.625, 5.25, 8.875, 5.5 ] },
                "east": { "texture": "#iron", "uv": [ 8.375, 5.25, 8.875, 5.5 ] },
                "west": { "texture": "#iron", "uv": [ 7.125, 5.25, 7.625, 5.5 ] },
                "up": { "texture": "#iron", "uv": [ 7.125, 7.125, 8.375, 7.625 ] },
                "down": { "texture": "#iron", "uv": [ 7.125, 8.375, 8.375, 8.875 ] }
            }
        },
        {
            "name": "iron39",
            "from": [ 7.125, -5.5, 8.875 ], 
            "to": [ 8.375, -5.25, 9.375 ], 
            "faces": {
                "east": { "texture": "#iron", "uv": [ 6.625, 5.25, 7.125, 5.5 ] },
                "south": { "texture": "#iron", "uv": [ 7.125, 5.25, 8.375, 5.5 ] },
                "west": { "texture": "#iron", "uv": [ 8.875, 5.25, 9.375, 5.5 ] },
                "up": { "texture": "#iron", "uv": [ 7.125, 8.875, 8.375, 9.375 ] },
                "down": { "texture": "#iron", "uv": [ 7.125, 6.625, 8.375, 7.125 ] }
            }
        },
        {
            "name": "black_iron43",
            "from": [ 7.25, -5.25, 7.25 ], 
            "to": [ 8.25, -5, 7.501 ], 
            "faces": {
                "north": { "texture": "#black_iron", "uv": [ 7.75, 5, 8.75, 5.25 ] },
                "east": { "texture": "#black_iron", "uv": [ 8.499, 5, 8.75, 5.25 ] },
                "west": { "texture": "#black_iron", "uv": [ 7.25, 5, 7.501, 5.25 ] },
                "up": { "texture": "#black_iron", "uv": [ 7.25, 7.25, 8.25, 7.501 ] }
            }
        },
        {
            "name": "black_iron44",
            "from": [ 7.25, -5.25, 9 ], 
            "to": [ 8.25, -5, 9.251 ], 
            "faces": {
                "east": { "texture": "#black_iron", "uv": [ 6.749, 5, 7, 5.25 ] },
                "south": { "texture": "#black_iron", "uv": [ 7.25, 5, 8.25, 5.25 ] },
                "west": { "texture": "#black_iron", "uv": [ 9, 5, 9.251, 5.25 ] },
                "up": { "texture": "#black_iron", "uv": [ 7.25, 9, 8.25, 9.251 ] }
            }
        },
        {
            "name": "black_iron",
            "from": [ 7.25, -5, 8 ], 
            "to": [ 8.25, -4, 8.5 ], 
            "faces": {
                "north": { "texture": "#black_iron", "uv": [ 7.75, 4, 8.75, 5 ] },
                "east": { "texture": "#black_iron", "uv": [ 7.5, 4, 8, 5 ] },
                "south": { "texture": "#black_iron", "uv": [ 7.25, 4, 8.25, 5 ] },
                "west": { "texture": "#black_iron", "uv": [ 8, 4, 8.5, 5 ] },
                "down": { "texture": "#black_iron", "uv": [ 7.25, 7.5, 8.25, 8 ] }
            }
        },
        {
            "name": "black_iron3",
            "from": [ 7.25, -4, 7.5 ], 
            "to": [ 8.25, -3.75, 7.75 ], 
            "faces": {
                "north": { "texture": "#black_iron", "uv": [ 7.75, 3.75, 8.75, 4 ] },
                "east": { "texture": "#black_iron", "uv": [ 8.25, 3.75, 8.5, 4 ] },
                "west": { "texture": "#black_iron", "uv": [ 7.5, 3.75, 7.75, 4 ] },
                "down": { "texture": "#black_iron", "uv": [ 7.25, 8.25, 8.25, 8.5 ] }
            }
        },
        {
            "name": "black_iron5",
            "from": [ 7.25, -4, 8.75 ], 
            "to": [ 8.25, -3.75, 9 ], 
            "faces": {
                "east": { "texture": "#black_iron", "uv": [ 7, 3.75, 7.25, 4 ] },
                "south": { "texture": "#black_iron", "uv": [ 7.25, 3.75, 8.25, 4 ] },
                "west": { "texture": "#black_iron", "uv": [ 8.75, 3.75, 9, 4 ] },
                "down": { "texture": "#black_iron", "uv": [ 7.25, 7, 8.25, 7.25 ] }
            }
        },
        {
            "name": "iron2",
            "from": [ 7.125, -3.75, 7.125 ], 
            "to": [ 8.375, -3.5, 7.625 ], 
            "faces": {
                "north": { "texture": "#iron", "uv": [ 7.625, 3.5, 8.875, 3.75 ] },
                "east": { "texture": "#iron", "uv": [ 8.375, 3.5, 8.875, 3.75 ] },
                "west": { "texture": "#iron", "uv": [ 7.125, 3.5, 7.625, 3.75 ] },
                "up": { "texture": "#iron", "uv": [ 7.125, 7.125, 8.375, 7.625 ] },
                "down": { "texture": "#iron", "uv": [ 7.125, 8.375, 8.375, 8.875 ] }
            }
        },
        {
            "name": "iron4",
            "from": [ 7.125, -3.75, 8.875 ], 
            "to": [ 8.375, -3.5, 9.375 ], 
            "faces": {
                "east": { "texture": "#iron", "uv": [ 6.625, 3.5, 7.125, 3.75 ] },
                "south": { "texture": "#iron", "uv": [ 7.125, 3.5, 8.375, 3.75 ] },
                "west": { "texture": "#iron", "uv": [ 8.875, 3.5, 9.375, 3.75 ] },
                "up": { "texture": "#iron", "uv": [ 7.125, 8.875, 8.375, 9.375 ] },
                "down": { "texture": "#iron", "uv": [ 7.125, 6.625, 8.375, 7.125 ] }
            }
        },
        {
            "name": "gold3",
            "from": [ 7.25, -3.5, 7.25 ], 
            "to": [ 8.25, -3, 7.5 ], 
            "faces": {
                "north": { "texture": "#gold", "uv": [ 7.75, 3, 8.75, 3.5 ] },
                "east": { "texture": "#gold", "uv": [ 8.5, 3, 8.75, 3.5 ] },
                "west": { "texture": "#gold", "uv": [ 7.25, 3, 7.5, 3.5 ] },
                "up": { "texture": "#gold", "uv": [ 7.25, 7.25, 8.25, 7.5 ] }
            }
        },
        {
            "name": "gold",
            "from": [ 7.25, -3.5, 9 ], 
            "to": [ 8.25, -3, 9.25 ], 
            "faces": {
                "east": { "texture": "#gold", "uv": [ 6.75, 3, 7, 3.5 ] },
                "south": { "texture": "#gold", "uv": [ 7.25, 3, 8.25, 3.5 ] },
                "west": { "texture": "#gold", "uv": [ 9, 3, 9.25, 3.5 ] },
                "up": { "texture": "#gold", "uv": [ 7.25, 9, 8.25, 9.25 ] }
            }
        },
        {
            "name": "gold5",
            "from": [ 7.25, -3, 8 ], 
            "to": [ 8.25, -1.75, 8.5 ], 
            "faces": {
                "north": { "texture": "#gold", "uv": [ 7.75, 1.75, 8.75, 3 ] },
                "east": { "texture": "#gold", "uv": [ 7.5, 1.75, 8, 3 ] },
                "south": { "texture": "#gold", "uv": [ 7.25, 1.75, 8.25, 3 ] },
                "west": { "texture": "#gold", "uv": [ 8, 1.75, 8.5, 3 ] }
            }
        },
        {
            "name": "iron17",
            "from": [ 7.25, -1.75, 7.75 ], 
            "to": [ 8.25, -1.5, 8 ], 
            "faces": {
                "north": { "texture": "#iron", "uv": [ 7.75, 1.5, 8.75, 1.75 ] },
                "east": { "texture": "#iron", "uv": [ 8, 1.5, 8.25, 1.75 ] },
                "west": { "texture": "#iron", "uv": [ 7.75, 1.5, 8, 1.75 ] },
                "down": { "texture": "#iron", "uv": [ 7.25, 8, 8.25, 8.25 ] }
            }
        },
        {
            "name": "iron18",
            "from": [ 7.25, -1.75, 8.5 ], 
            "to": [ 8.25, -1.5, 8.75 ], 
            "faces": {
                "east": { "texture": "#iron", "uv": [ 7.25, 1.5, 7.5, 1.75 ] },
                "south": { "texture": "#iron", "uv": [ 7.25, 1.5, 8.25, 1.75 ] },
                "west": { "texture": "#iron", "uv": [ 8.5, 1.5, 8.75, 1.75 ] },
                "down": { "texture": "#iron", "uv": [ 7.25, 7.25, 8.25, 7.5 ] }
            }
        },
        {
            "name": "iron12",
            "from": [ 7.25, -1.5, 7.5 ], 
            "to": [ 8.25, -0.75, 7.75 ], 
            "faces": {
                "north": { "texture": "#iron", "uv": [ 7.75, 0.75, 8.75, 1.5 ] },
                "east": { "texture": "#iron", "uv": [ 8.25, 0.75, 8.5, 1.5 ] },
                "west": { "texture": "#iron", "uv": [ 7.5, 0.75, 7.75, 1.5 ] },
                "down": { "texture": "#iron", "uv": [ 7.25, 8.25, 8.25, 8.5 ] }
            }
        },
        {
            "name": "iron13",
            "from": [ 7.25, -1.5, 8.75 ], 
            "to": [ 8.25, -0.75, 9 ], 
            "faces": {
                "east": { "texture": "#iron", "uv": [ 7, 0.75, 7.25, 1.5 ] },
                "south": { "texture": "#iron", "uv": [ 7.25, 0.75, 8.25, 1.5 ] },
                "west": { "texture": "#iron", "uv": [ 8.75, 0.75, 9, 1.5 ] },
                "down": { "texture": "#iron", "uv": [ 7.25, 7, 8.25, 7.25 ] }
            }
        },
        {
            "name": "iron5",
            "from": [ 7.25, -0.75, 7.25 ], 
            "to": [ 8.25, -0.25, 7.5 ], 
            "faces": {
                "north": { "texture": "#iron", "uv": [ 7.75, 0.25, 8.75, 0.75 ] },
                "east": { "texture": "#iron", "uv": [ 8.5, 0.25, 8.75, 0.75 ] },
                "west": { "texture": "#iron", "uv": [ 7.25, 0.25, 7.5, 0.75 ] },
                "up": { "texture": "#iron", "uv": [ 7.25, 7.25, 8.25, 7.5 ] },
                "down": { "texture": "#iron", "uv": [ 7.25, 8.5, 8.25, 8.75 ] }
            }
        },
        {
            "name": "iron8",
            "from": [ 7.25, -0.75, 9 ], 
            "to": [ 8.25, -0.25, 9.25 ], 
            "faces": {
                "east": { "texture": "#iron", "uv": [ 6.75, 0.25, 7, 0.75 ] },
                "south": { "texture": "#iron", "uv": [ 7.25, 0.25, 8.25, 0.75 ] },
                "west": { "texture": "#iron", "uv": [ 9, 0.25, 9.25, 0.75 ] },
                "up": { "texture": "#iron", "uv": [ 7.25, 9, 8.25, 9.25 ] },
                "down": { "texture": "#iron", "uv": [ 7.25, 6.75, 8.25, 7 ] }
            }
        },
        {
            "name": "iron1",
            "from": [ 7, -0.25, 7.75 ], 
            "to": [ 7.25, 0, 8.75 ], 
            "faces": {
                "north": { "texture": "#iron", "uv": [ 8.75, 0, 9, 0.25 ] },
                "east": { "texture": "#iron", "uv": [ 7.25, 0, 8.25, 0.25 ] },
                "south": { "texture": "#iron", "uv": [ 7, 0, 7.25, 0.25 ] },
                "west": { "texture": "#iron", "uv": [ 7.75, 0, 8.75, 0.25 ] },
                "up": { "texture": "#iron", "uv": [ 7, 7.75, 7.25, 8.75 ] }
            }
        },
        {
            "name": "black_iron2",
            "from": [ 7.5, -5, 7.75 ], 
            "to": [ 8, -4, 8 ], 
            "faces": {
                "north": { "texture": "#black_iron", "uv": [ 8, 4, 8.5, 5 ] },
                "east": { "texture": "#black_iron", "uv": [ 8, 4, 8.25, 5 ] },
                "west": { "texture": "#black_iron", "uv": [ 7.75, 4, 8, 5 ] }
            }
        },
        {
            "name": "black_iron1",
            "from": [ 7.5, -5, 8.5 ], 
            "to": [ 8, -4, 8.75 ], 
            "faces": {
                "east": { "texture": "#black_iron", "uv": [ 7.25, 4, 7.5, 5 ] },
                "south": { "texture": "#black_iron", "uv": [ 7.5, 4, 8, 5 ] },
                "west": { "texture": "#black_iron", "uv": [ 8.5, 4, 8.75, 5 ] }
            }
        },
        {
            "name": "gold6",
            "from": [ 7.5, -3, 7.75 ], 
            "to": [ 8, -1.75, 8 ], 
            "faces": {
                "north": { "texture": "#gold", "uv": [ 8, 1.75, 8.5, 3 ] },
                "east": { "texture": "#gold", "uv": [ 8, 1.75, 8.25, 3 ] },
                "west": { "texture": "#gold", "uv": [ 7.75, 1.75, 8, 3 ] }
            }
        },
        {
            "name": "gold7",
            "from": [ 7.5, -3, 8.5 ], 
            "to": [ 8, -1.75, 8.75 ], 
            "faces": {
                "east": { "texture": "#gold", "uv": [ 7.25, 1.75, 7.5, 3 ] },
                "south": { "texture": "#gold", "uv": [ 7.5, 1.75, 8, 3 ] },
                "west": { "texture": "#gold", "uv": [ 8.5, 1.75, 8.75, 3 ] }
            }
        },
        {
            "name": "iron19",
            "from": [ 7.5, -1.75, 7.5 ], 
            "to": [ 8, -1.5, 7.75 ], 
            "faces": {
                "north": { "texture": "#iron", "uv": [ 8, 1.5, 8.5, 1.75 ] },
                "east": { "texture": "#iron", "uv": [ 8.25, 1.5, 8.5, 1.75 ] },
                "west": { "texture": "#iron", "uv": [ 7.5, 1.5, 7.75, 1.75 ] },
                "down": { "texture": "#iron", "uv": [ 7.5, 8.25, 8, 8.5 ] }
            }
        },
        {
            "name": "iron20",
            "from": [ 7.5, -1.75, 8.75 ], 
            "to": [ 8, -1.5, 9 ], 
            "faces": {
                "east": { "texture": "#iron", "uv": [ 7, 1.5, 7.25, 1.75 ] },
                "south": { "texture": "#iron", "uv": [ 7.5, 1.5, 8, 1.75 ] },
                "west": { "texture": "#iron", "uv": [ 8.75, 1.5, 9, 1.75 ] },
                "down": { "texture": "#iron", "uv": [ 7.5, 7, 8, 7.25 ] }
            }
        },
        {
            "name": "iron14",
            "from": [ 7.5, -1.5, 7.25 ], 
            "to": [ 8, -0.75, 7.5 ], 
            "faces": {
                "north": { "texture": "#iron", "uv": [ 8, 0.75, 8.5, 1.5 ] },
                "east": { "texture": "#iron", "uv": [ 8.5, 0.75, 8.75, 1.5 ] },
                "west": { "texture": "#iron", "uv": [ 7.25, 0.75, 7.5, 1.5 ] },
                "down": { "texture": "#iron", "uv": [ 7.5, 8.5, 8, 8.75 ] }
            }
        },
        {
            "name": "iron15",
            "from": [ 7.5, -1.5, 9 ], 
            "to": [ 8, -0.75, 9.25 ], 
            "faces": {
                "east": { "texture": "#iron", "uv": [ 6.75, 0.75, 7, 1.5 ] },
                "south": { "texture": "#iron", "uv": [ 7.5, 0.75, 8, 1.5 ] },
                "west": { "texture": "#iron", "uv": [ 9, 0.75, 9.25, 1.5 ] },
                "down": { "texture": "#iron", "uv": [ 7.5, 6.75, 8, 7 ] }
            }
        },
        {
            "name": "iron",
            "from": [ 7.25, -0.25, 7.5 ], 
            "to": [ 8.25, 0, 7.75 ], 
            "faces": {
                "north": { "texture": "#iron", "uv": [ 7.75, 0, 8.75, 0.25 ] },
                "east": { "texture": "#iron", "uv": [ 8.25, 0, 8.5, 0.25 ] },
                "west": { "texture": "#iron", "uv": [ 7.5, 0, 7.75, 0.25 ] },
                "up": { "texture": "#iron", "uv": [ 7.25, 7.5, 8.25, 7.75 ] }
            }
        },
        {
            "name": "iron6",
            "from": [ 7.25, -0.25, 8.75 ], 
            "to": [ 8.25, 0, 9 ], 
            "faces": {
                "east": { "texture": "#iron", "uv": [ 7, 0, 7.25, 0.25 ] },
                "south": { "texture": "#iron", "uv": [ 7.25, 0, 8.25, 0.25 ] },
                "west": { "texture": "#iron", "uv": [ 8.75, 0, 9, 0.25 ] },
                "up": { "texture": "#iron", "uv": [ 7.25, 8.75, 8.25, 9 ] }
            }
        },
        {
            "name": "black_iron45",
            "from": [ 8, -5.25, 8 ], 
            "to": [ 8.75, -5, 8.75 ], 
            "faces": {
                "east": { "texture": "#black_iron", "uv": [ 7.25, 5, 8, 5.25 ] },
                "south": { "texture": "#black_iron", "uv": [ 8, 5, 8.75, 5.25 ] },
                "up": { "texture": "#black_iron", "uv": [ 8, 8, 8.75, 8.75 ] }
            }
        },
        {
            "name": "iron2",
            "from": [ 8.25, -0.25, 7.75 ], 
            "to": [ 8.5, 0, 8.75 ], 
            "faces": {
                "north": { "texture": "#iron", "uv": [ 7.5, 0, 7.75, 0.25 ] },
                "east": { "texture": "#iron", "uv": [ 7.25, 0, 8.25, 0.25 ] },
                "south": { "texture": "#iron", "uv": [ 8.25, 0, 8.5, 0.25 ] },
                "west": { "texture": "#iron", "uv": [ 7.75, 0, 8.75, 0.25 ] },
                "up": { "texture": "#iron", "uv": [ 8.25, 7.75, 8.5, 8.75 ] }
            }
        },
        {
            "name": "iron5",
            "from": [ 8.125, -15.25, 7.375 ], 
            "to": [ 8.625, -15, 7.875 ], 
            "faces": {
                "north": { "texture": "#iron", "uv": [ 7.375, 15, 7.875, 15.25 ] },
                "east": { "texture": "#iron", "uv": [ 8.125, 15, 8.625, 15.25 ] },
                "south": { "texture": "#iron", "uv": [ 8.125, 15, 8.625, 15.25 ] },
                "west": { "texture": "#iron", "uv": [ 7.375, 15, 7.875, 15.25 ] },
                "down": { "texture": "#iron", "uv": [ 8.125, 8.125, 8.625, 8.625 ] }
            }
        },
        {
            "name": "iron15",
            "from": [ 8.125, -15.25, 8.625 ], 
            "to": [ 8.625, -15, 9.125 ], 
            "faces": {
                "north": { "texture": "#iron", "uv": [ 7.375, 15, 7.875, 15.25 ] },
                "east": { "texture": "#iron", "uv": [ 6.875, 15, 7.375, 15.25 ] },
                "south": { "texture": "#iron", "uv": [ 8.125, 15, 8.625, 15.25 ] },
                "west": { "texture": "#iron", "uv": [ 8.625, 15, 9.125, 15.25 ] },
                "down": { "texture": "#iron", "uv": [ 8.125, 6.875, 8.625, 7.375 ] }
            }
        },
        {
            "name": "iron10",
            "from": [ 8.375, -15.25, 7.625 ], 
            "to": [ 8.875, -15, 8.875 ], 
            "faces": {
                "north": { "texture": "#iron", "uv": [ 7.125, 15, 7.625, 15.25 ] },
                "east": { "texture": "#iron", "uv": [ 7.125, 15, 8.375, 15.25 ] },
                "south": { "texture": "#iron", "uv": [ 8.375, 15, 8.875, 15.25 ] },
                "west": { "texture": "#iron", "uv": [ 7.625, 15, 8.875, 15.25 ] },
                "down": { "texture": "#iron", "uv": [ 8.375, 7.125, 8.875, 8.375 ] }
            }
        },
        {
            "name": "black_iron46",
            "from": [ 8, -5.25, 7.75 ], 
            "to": [ 8.75, -5, 8 ], 
            "faces": {
                "north": { "texture": "#black_iron", "uv": [ 7.25, 5, 8, 5.25 ] },
                "east": { "texture": "#black_iron", "uv": [ 8, 5, 8.25, 5.25 ] },
                "up": { "texture": "#black_iron", "uv": [ 8, 7.75, 8.75, 8 ] }
            }
        },
        {
            "name": "black_iron1",
            "from": [ 7.375, -11, 9.375 ], 
            "to": [ 7.5, -10, 9.625 ], 
            "faces": {
                "north": { "texture": "#black_iron", "uv": [ 8.5, 10, 8.625, 11 ] },
                "east": { "texture": "#black_iron", "uv": [ 6.375, 10, 6.625, 11 ] },
                "south": { "texture": "#black_iron", "uv": [ 7.375, 10, 7.5, 11 ] },
                "west": { "texture": "#black_iron", "uv": [ 9.375, 10, 9.625, 11 ] },
                "up": { "texture": "#black_iron", "uv": [ 7.375, 9.375, 7.5, 9.625 ] },
                "down": { "texture": "#black_iron", "uv": [ 7.375, 6.375, 7.5, 6.625 ] }
            }
        },
        {
            "name": "red",
            "from": [ 7.25, -10, 9.25 ], 
            "to": [ 7.5, -9.75, 9.5 ], 
            "faces": {
                "south": { "texture": "#red", "uv": [ 7.25, 9.75, 7.5, 10 ] },
                "west": { "texture": "#red", "uv": [ 9.25, 9.75, 9.5, 10 ] },
                "up": { "texture": "#red", "uv": [ 7.25, 9.25, 7.5, 9.5 ] },
                "down": { "texture": "#red", "uv": [ 7.25, 6.5, 7.5, 6.75 ] }
            }
        },
        {
            "name": "green1",
            "from": [ 7.25, -9.5, 9.25 ], 
            "to": [ 7.5, -9.25, 9.5 ], 
            "faces": {
                "south": { "texture": "#green", "uv": [ 7.25, 9.25, 7.5, 9.5 ] },
                "west": { "texture": "#green", "uv": [ 9.25, 9.25, 9.5, 9.5 ] },
                "up": { "texture": "#green", "uv": [ 7.25, 9.25, 7.5, 9.5 ] },
                "down": { "texture": "#green", "uv": [ 7.25, 6.5, 7.5, 6.75 ] }
            }
        },
        {
            "name": "iron",
            "from": [ 7.5, -11, 9.25 ], 
            "to": [ 8, -9.25, 9.5 ], 
            "faces": {
                "east": { "texture": "#iron", "uv": [ 6.5, 9.25, 6.75, 11 ] },
                "west": { "texture": "#iron", "uv": [ 9.25, 9.25, 9.5, 11 ] },
                "up": { "texture": "#iron", "uv": [ 7.5, 9.25, 8, 9.5 ] },
                "down": { "texture": "#iron", "uv": [ 7.5, 6.5, 8, 6.75 ] }
            }
        },
        {
            "name": "gold",
            "from": [ 7.5, -11, 9.5 ], 
            "to": [ 8, -9.25, 9.625 ], 
            "faces": {
                "east": { "texture": "#gold", "uv": [ 6.375, 9.25, 6.5, 11 ] },
                "south": { "texture": "#gold", "uv": [ 7.5, 9.25, 8, 11 ] },
                "west": { "texture": "#gold", "uv": [ 9.5, 9.25, 9.625, 11 ] },
                "up": { "texture": "#gold", "uv": [ 7.5, 9.5, 8, 9.625 ] },
                "down": { "texture": "#gold", "uv": [ 7.5, 6.375, 8, 6.5 ] }
            }
        },
        {
            "name": "black_iron",
            "from": [ 8, -11, 9.375 ], 
            "to": [ 8.125, -10, 9.625 ], 
            "faces": {
                "north": { "texture": "#black_iron", "uv": [ 7.875, 10, 8, 11 ] },
                "east": { "texture": "#black_iron", "uv": [ 6.375, 10, 6.625, 11 ] },
                "south": { "texture": "#black_iron", "uv": [ 8, 10, 8.125, 11 ] },
                "west": { "texture": "#black_iron", "uv": [ 9.375, 10, 9.625, 11 ] },
                "up": { "texture": "#black_iron", "uv": [ 8, 9.375, 8.125, 9.625 ] },
                "down": { "texture": "#black_iron", "uv": [ 8, 6.375, 8.125, 6.625 ] }
            }
        },
        {
            "name": "red1",
            "from": [ 8, -10, 9.25 ], 
            "to": [ 8.25, -9.75, 9.5 ], 
            "faces": {
                "east": { "texture": "#red", "uv": [ 6.5, 9.75, 6.75, 10 ] },
                "south": { "texture": "#red", "uv": [ 8, 9.75, 8.25, 10 ] },
                "up": { "texture": "#red", "uv": [ 8, 9.25, 8.25, 9.5 ] },
                "down": { "texture": "#red", "uv": [ 8, 6.5, 8.25, 6.75 ] }
            }
        },
        {
            "name": "green",
            "from": [ 8, -9.5, 9.25 ], 
            "to": [ 8.25, -9.25, 9.5 ], 
            "faces": {
                "east": { "texture": "#green", "uv": [ 6.5, 9.25, 6.75, 9.5 ] },
                "south": { "texture": "#green", "uv": [ 8, 9.25, 8.25, 9.5 ] },
                "up": { "texture": "#green", "uv": [ 8, 9.25, 8.25, 9.5 ] },
                "down": { "texture": "#green", "uv": [ 8, 6.5, 8.25, 6.75 ] }
            }
        },
        {
            "name": "laser_dark1",
            "from": [ 7.25, -0.25, 7.75 ], 
            "to": [ 8.25, 0, 8 ], 
            "faces": {
                "south": { "texture": "#laser", "uv": [ 7.25, 0, 8.25, 0.25 ] },
                "up": { "texture": "#laser", "uv": [ 7.25, 7.75, 8.25, 8 ] }
            }
        },
        {
            "name": "laser_dark",
            "from": [ 7.25, -0.25, 8 ], 
            "to": [ 7.5, 16, 8.5 ], 
            "faces": {
                "north": { "texture": "#laser", "uv": [ 8.5, 0, 8.75, 16 ] },
                "south": { "texture": "#laser", "uv": [ 7.25, 0, 7.5, 16 ] },
                "west": { "texture": "#laser", "uv": [ 8, 0, 8.5, 16 ] }
            }
        },
        {
            "name": "laser_dark2",
            "from": [ 7.25, -0.25, 8.5 ], 
            "to": [ 8.25, 0, 8.75 ], 
            "faces": {
                "north": { "texture": "#laser", "uv": [ 7.75, 0, 8.75, 0.25 ] },
                "up": { "texture": "#laser", "uv": [ 7.25, 8.5, 8.25, 8.75 ] }
            }
        },
        {
            "name": "laser_light",
            "from": [ 7.5, -0.25, 8 ], 
            "to": [ 8, 16, 8.5 ], 
            "faces": {
                "north": { "texture": "#laser", "uv": [ 8, 0, 8.5, 16 ] },
                "south": { "texture": "#laser", "uv": [ 7.5, 0, 8, 16 ] }
            }
        },
        {
            "name": "laser_dark3",
            "from": [ 7.5, 0, 7.75 ], 
            "to": [ 8, 16, 8 ], 
            "faces": {
                "north": { "texture": "#laser", "uv": [ 8, 0, 8.5, 16 ] },
                "east": { "texture": "#laser", "uv": [ 8, 0, 8.25, 16 ] },
                "west": { "texture": "#laser", "uv": [ 7.75, 0, 8, 16 ] }
            }
        },
        {
            "name": "laser_dark5",
            "from": [ 7.5, 0, 8.5 ], 
            "to": [ 8, 16, 8.75 ], 
            "faces": {
                "east": { "texture": "#laser", "uv": [ 7.25, 0, 7.5, 16 ] },
                "south": { "texture": "#laser", "uv": [ 7.5, 0, 8, 16 ] },
                "west": { "texture": "#laser", "uv": [ 8.5, 0, 8.75, 16 ] }
            }
        },
        {
            "name": "laser_dark6",
            "from": [ 8, -0.25, 8 ], 
            "to": [ 8.25, 16, 8.5 ], 
            "faces": {
                "north": { "texture": "#laser", "uv": [ 7.75, 0, 8, 16 ] },
                "east": { "texture": "#laser", "uv": [ 7.5, 0, 8, 16 ] },
                "south": { "texture": "#laser", "uv": [ 8, 0, 8.25, 16 ] }
            }
        },
        {
            "name": "laser_dark8",
            "from": [ 7.5, 16, 8.5 ], 
            "to": [ 8, 26.5, 8.75 ], 
            "faces": {
                "east": { "texture": "#laser", "uv": [ 7.25, 5.5, 7.5, 16 ] },
                "south": { "texture": "#laser", "uv": [ 7.5, 5.5, 8, 16 ] },
                "west": { "texture": "#laser", "uv": [ 8.5, 5.5, 8.75, 16 ] },
                "up": { "texture": "#laser", "uv": [ 7.5, 8.5, 8, 8.75 ] }
            }
        },
        {
            "name": "laser_dark7",
            "from": [ 8, 16, 8 ], 
            "to": [ 8.25, 26.5, 8.5 ], 
            "faces": {
                "north": { "texture": "#laser", "uv": [ 7.75, 5.5, 8, 16 ] },
                "east": { "texture": "#laser", "uv": [ 7.5, 5.5, 8, 16 ] },
                "south": { "texture": "#laser", "uv": [ 8, 5.5, 8.25, 16 ] },
                "up": { "texture": "#laser", "uv": [ 8, 8, 8.25, 8.5 ] }
            }
        },
        {
            "name": "laser_dark9",
            "from": [ 7.5, 16, 7.75 ], 
            "to": [ 8, 26.5, 8 ], 
            "faces": {
                "north": { "texture": "#laser", "uv": [ 8, 5.5, 8.5, 16 ] },
                "east": { "texture": "#laser", "uv": [ 8, 5.5, 8.25, 16 ] },
                "west": { "texture": "#laser", "uv": [ 7.75, 5.5, 8, 16 ] },
                "up": { "texture": "#laser", "uv": [ 7.5, 7.75, 8, 8 ] }
            }
        },
        {
            "name": "laser_dark10",
            "from": [ 7.25, 16, 8 ], 
            "to": [ 7.5, 26.5, 8.5 ], 
            "faces": {
                "north": { "texture": "#laser", "uv": [ 8.5, 5.5, 8.75, 16 ] },
                "south": { "texture": "#laser", "uv": [ 7.25, 5.5, 7.5, 16 ] },
                "west": { "texture": "#laser", "uv": [ 8, 5.5, 8.5, 16 ] },
                "up": { "texture": "#laser", "uv": [ 7.25, 8, 7.5, 8.5 ] }
            }
        },
        {
            "name": "laser_light1",
            "from": [ 7.5, 16, 8 ], 
            "to": [ 8, 26.75, 8.5 ], 
            "faces": {
                "north": { "texture": "#laser", "uv": [ 8, 5.25, 8.5, 16 ] },
                "east": { "texture": "#laser", "uv": [ 7.5, 5.25, 8, 16 ] },
                "south": { "texture": "#laser", "uv": [ 7.5, 5.25, 8, 16 ] },
                "west": { "texture": "#laser", "uv": [ 8, 5.25, 8.5, 16 ] },
                "up": { "texture": "#laser", "uv": [ 7.5, 8, 8, 8.5 ] }
            }
        }
    ]
}