{
	"credit": "Made with Blockbench",
	"textures": {
		"0": "texture6 (1)",
		"particle": "texture6 (1)"
	},
	"elements": [
		{
			"from": [8, 0, 8],
			"to": [9, 0.05, 9],
			"faces": {
				"north": {"uv": [0, 0, 1, 0.05], "texture": "#0"},
				"east": {"uv": [0, 0, 1, 0.05], "texture": "#0"},
				"south": {"uv": [0, 0, 1, 0.05], "texture": "#0"},
				"west": {"uv": [0, 0, 1, 0.05], "texture": "#0"},
				"up": {"uv": [0, 0, 1, 1], "texture": "#0"},
				"down": {"uv": [0, 0, 1, 1], "texture": "#0"}
			}
		},
		{
			"from": [8.05, 0.05, 8.05],
			"to": [8.95, 0.15, 8.95],
			"faces": {
				"north": {"uv": [0, 0, 0.9, 0.1], "texture": "#0"},
				"east": {"uv": [0, 0, 0.9, 0.1], "texture": "#0"},
				"south": {"uv": [0, 0, 0.9, 0.1], "texture": "#0"},
				"west": {"uv": [0, 0, 0.9, 0.1], "texture": "#0"},
				"up": {"uv": [0, 0, 0.9, 0.9], "texture": "#0"},
				"down": {"uv": [0, 0, 0.9, 0.9], "texture": "#0"}
			}
		},
		{
			"from": [8.05, 4.25, 8.05],
			"to": [8.95, 4.35, 8.95],
			"rotation": {"angle": 0, "axis": "y", "origin": [8.5, 4.2, 8.5]},
			"faces": {
				"north": {"uv": [0, 0, 0.9, 0.1], "rotation": 180, "texture": "#0"},
				"east": {"uv": [0, 0, 0.9, 0.1], "rotation": 180, "texture": "#0"},
				"south": {"uv": [0, 0, 0.9, 0.1], "rotation": 180, "texture": "#0"},
				"west": {"uv": [0, 0, 0.9, 0.1], "rotation": 180, "texture": "#0"},
				"up": {"uv": [0, 0, 0.9, 0.9], "texture": "#0"},
				"down": {"uv": [0, 0, 0.9, 0.9], "texture": "#0"}
			}
		},
		{
			"from": [8.025, 0.15, 8.025],
			"to": [8.975, 0.2, 8.975],
			"rotation": {"angle": 0, "axis": "y", "origin": [8.5, 0.2, 8.5]},
			"faces": {
				"north": {"uv": [0, 0, 0.95, 0.05], "texture": "#0"},
				"east": {"uv": [0, 0, 0.95, 0.05], "texture": "#0"},
				"south": {"uv": [0, 0, 0.95, 0.05], "texture": "#0"},
				"west": {"uv": [0, 0, 0.95, 0.05], "texture": "#0"},
				"up": {"uv": [0, 0, 0.95, 0.95], "texture": "#0"},
				"down": {"uv": [0, 0, 0.95, 0.95], "texture": "#0"}
			}
		},
		{
			"from": [8.06, 4.35, 8.06],
			"to": [8.94, 4.64, 8.94],
			"rotation": {"angle": 0, "axis": "y", "origin": [8.5, 4.2, 8.5]},
			"faces": {
				"north": {"uv": [0, 0, 0.88, 0.29], "rotation": 180, "texture": "#0"},
				"east": {"uv": [0, 0, 0.88, 0.29], "rotation": 180, "texture": "#0"},
				"south": {"uv": [0, 0, 0.88, 0.29], "rotation": 180, "texture": "#0"},
				"west": {"uv": [0, 0, 0.88, 0.29], "rotation": 180, "texture": "#0"},
				"up": {"uv": [0, 0, 0.88, 0.88], "texture": "#0"},
				"down": {"uv": [0, 0, 0.88, 0.88], "texture": "#0"}
			}
		},
		{
			"from": [8.09, 4.6, 8.09],
			"to": [8.91, 5.2, 8.91],
			"rotation": {"angle": 0, "axis": "y", "origin": [8.5, 4.2, 8.5]},
			"faces": {
				"north": {"uv": [0, 0, 0.82, 0.6], "rotation": 180, "texture": "#0"},
				"east": {"uv": [0, 0, 0.82, 0.6], "rotation": 180, "texture": "#0"},
				"south": {"uv": [0, 0, 0.82, 0.6], "rotation": 180, "texture": "#0"},
				"west": {"uv": [0, 0, 0.82, 0.6], "rotation": 180, "texture": "#0"},
				"up": {"uv": [0, 0, 0.82, 0.82], "texture": "#0"},
				"down": {"uv": [0, 0, 0.82, 0.82], "texture": "#0"}
			}
		},
		{
			"from": [8.13, 5.25, 8.13],
			"to": [8.87, 5.4, 8.87],
			"rotation": {"angle": 0, "axis": "y", "origin": [8.5, 4.2, 8.5]},
			"faces": {
				"north": {"uv": [0, 0, 0.74, 0.15], "rotation": 180, "texture": "#0"},
				"east": {"uv": [0, 0, 0.74, 0.15], "rotation": 180, "texture": "#0"},
				"south": {"uv": [0, 0, 0.74, 0.15], "rotation": 180, "texture": "#0"},
				"west": {"uv": [0, 0, 0.74, 0.15], "rotation": 180, "texture": "#0"},
				"up": {"uv": [0, 0, 0.74, 0.74], "texture": "#0"},
				"down": {"uv": [0, 0, 0.74, 0.74], "texture": "#0"}
			}
		},
		{
			"from": [8.15, 5.35, 8.15],
			"to": [8.85, 5.5, 8.85],
			"rotation": {"angle": 0, "axis": "y", "origin": [8.5, 4.2, 8.5]},
			"faces": {
				"north": {"uv": [0, 0, 0.7, 0.15], "rotation": 180, "texture": "#0"},
				"east": {"uv": [0, 0, 0.7, 0.15], "rotation": 180, "texture": "#0"},
				"south": {"uv": [0, 0, 0.7, 0.15], "rotation": 180, "texture": "#0"},
				"west": {"uv": [0, 0, 0.7, 0.15], "rotation": 180, "texture": "#0"},
				"up": {"uv": [0, 0, 0.7, 0.7], "texture": "#0"},
				"down": {"uv": [0, 0, 0.7, 0.7], "texture": "#0"}
			}
		},
		{
			"from": [8.17, 5.45, 8.17],
			"to": [8.83, 5.6, 8.83],
			"rotation": {"angle": 0, "axis": "y", "origin": [8.5, 4.2, 8.5]},
			"faces": {
				"north": {"uv": [0, 0, 0.66, 0.15], "rotation": 180, "texture": "#0"},
				"east": {"uv": [0, 0, 0.66, 0.15], "rotation": 180, "texture": "#0"},
				"south": {"uv": [0, 0, 0.66, 0.15], "rotation": 180, "texture": "#0"},
				"west": {"uv": [0, 0, 0.66, 0.15], "rotation": 180, "texture": "#0"},
				"up": {"uv": [0, 0, 0.66, 0.66], "texture": "#0"},
				"down": {"uv": [0, 0, 0.66, 0.66], "texture": "#0"}
			}
		},
		{
			"from": [8.19, 5.55, 8.19],
			"to": [8.81, 5.7, 8.81],
			"rotation": {"angle": 0, "axis": "y", "origin": [8.5, 4.2, 8.5]},
			"faces": {
				"north": {"uv": [0, 0, 0.62, 0.15], "rotation": 180, "texture": "#0"},
				"east": {"uv": [0, 0, 0.62, 0.15], "rotation": 180, "texture": "#0"},
				"south": {"uv": [0, 0, 0.62, 0.15], "rotation": 180, "texture": "#0"},
				"west": {"uv": [0, 0, 0.62, 0.15], "rotation": 180, "texture": "#0"},
				"up": {"uv": [0, 0, 0.62, 0.62], "texture": "#0"},
				"down": {"uv": [0, 0, 0.62, 0.62], "texture": "#0"}
			}
		},
		{
			"from": [8.21, 5.65, 8.21],
			"to": [8.79, 5.8, 8.79],
			"rotation": {"angle": 0, "axis": "y", "origin": [8.5, 4.2, 8.5]},
			"faces": {
				"north": {"uv": [0, 0, 0.58, 0.15], "rotation": 180, "texture": "#0"},
				"east": {"uv": [0, 0, 0.58, 0.15], "rotation": 180, "texture": "#0"},
				"south": {"uv": [0, 0, 0.58, 0.15], "rotation": 180, "texture": "#0"},
				"west": {"uv": [0, 0, 0.58, 0.15], "rotation": 180, "texture": "#0"},
				"up": {"uv": [0, 0, 0.58, 0.58], "texture": "#0"},
				"down": {"uv": [0, 0, 0.58, 0.58], "texture": "#0"}
			}
		},
		{
			"from": [8.23, 5.75, 8.23],
			"to": [8.77, 5.9, 8.77],
			"rotation": {"angle": 0, "axis": "y", "origin": [8.5, 4.2, 8.5]},
			"faces": {
				"north": {"uv": [0, 0, 0.54, 0.15], "rotation": 180, "texture": "#0"},
				"east": {"uv": [0, 0, 0.54, 0.15], "rotation": 180, "texture": "#0"},
				"south": {"uv": [0, 0, 0.54, 0.15], "rotation": 180, "texture": "#0"},
				"west": {"uv": [0, 0, 0.54, 0.15], "rotation": 180, "texture": "#0"},
				"up": {"uv": [0, 0, 0.54, 0.54], "texture": "#0"},
				"down": {"uv": [0, 0, 0.54, 0.54], "texture": "#0"}
			}
		},
		{
			"from": [8.25, 5.85, 8.25],
			"to": [8.75, 6, 8.75],
			"rotation": {"angle": 0, "axis": "y", "origin": [8.5, 4.2, 8.5]},
			"faces": {
				"north": {"uv": [0, 0, 0.5, 0.15], "rotation": 180, "texture": "#0"},
				"east": {"uv": [0, 0, 0.5, 0.15], "rotation": 180, "texture": "#0"},
				"south": {"uv": [0, 0, 0.5, 0.15], "rotation": 180, "texture": "#0"},
				"west": {"uv": [0, 0, 0.5, 0.15], "rotation": 180, "texture": "#0"},
				"up": {"uv": [0, 0, 0.5, 0.5], "texture": "#0"},
				"down": {"uv": [0, 0, 0.5, 0.5], "texture": "#0"}
			}
		},
		{
			"from": [8.27, 5.95, 8.27],
			"to": [8.73, 6.1, 8.73],
			"rotation": {"angle": 0, "axis": "y", "origin": [8.5, 4.2, 8.5]},
			"faces": {
				"north": {"uv": [0, 0, 0.46, 0.15], "rotation": 180, "texture": "#0"},
				"east": {"uv": [0, 0, 0.46, 0.15], "rotation": 180, "texture": "#0"},
				"south": {"uv": [0, 0, 0.46, 0.15], "rotation": 180, "texture": "#0"},
				"west": {"uv": [0, 0, 0.46, 0.15], "rotation": 180, "texture": "#0"},
				"up": {"uv": [0, 0, 0.46, 0.46], "texture": "#0"},
				"down": {"uv": [0, 0, 0.46, 0.46], "texture": "#0"}
			}
		},
		{
			"from": [8.29, 6.05, 8.29],
			"to": [8.71, 6.2, 8.71],
			"rotation": {"angle": 0, "axis": "y", "origin": [8.5, 4.2, 8.5]},
			"faces": {
				"north": {"uv": [0, 0, 0.42, 0.15], "rotation": 180, "texture": "#0"},
				"east": {"uv": [0, 0, 0.42, 0.15], "rotation": 180, "texture": "#0"},
				"south": {"uv": [0, 0, 0.42, 0.15], "rotation": 180, "texture": "#0"},
				"west": {"uv": [0, 0, 0.42, 0.15], "rotation": 180, "texture": "#0"},
				"up": {"uv": [0, 0, 0.42, 0.42], "texture": "#0"},
				"down": {"uv": [0, 0, 0.42, 0.42], "texture": "#0"}
			}
		},
		{
			"from": [8.31, 6.15, 8.31],
			"to": [8.69, 6.3, 8.69],
			"rotation": {"angle": 0, "axis": "y", "origin": [8.5, 4.2, 8.5]},
			"faces": {
				"north": {"uv": [0, 0, 0.38, 0.15], "rotation": 180, "texture": "#0"},
				"east": {"uv": [0, 0, 0.38, 0.15], "rotation": 180, "texture": "#0"},
				"south": {"uv": [0, 0, 0.38, 0.15], "rotation": 180, "texture": "#0"},
				"west": {"uv": [0, 0, 0.38, 0.15], "rotation": 180, "texture": "#0"},
				"up": {"uv": [0, 0, 0.38, 0.38], "texture": "#0"},
				"down": {"uv": [0, 0, 0.38, 0.38], "texture": "#0"}
			}
		},
		{
			"from": [8.33, 6.25, 8.33],
			"to": [8.67, 6.4, 8.67],
			"rotation": {"angle": 0, "axis": "y", "origin": [8.5, 4.2, 8.5]},
			"faces": {
				"north": {"uv": [0, 0, 0.34, 0.15], "rotation": 180, "texture": "#0"},
				"east": {"uv": [0, 0, 0.34, 0.15], "rotation": 180, "texture": "#0"},
				"south": {"uv": [0, 0, 0.34, 0.15], "rotation": 180, "texture": "#0"},
				"west": {"uv": [0, 0, 0.34, 0.15], "rotation": 180, "texture": "#0"},
				"up": {"uv": [0, 0, 0.34, 0.34], "texture": "#0"},
				"down": {"uv": [0, 0, 0.34, 0.34], "texture": "#0"}
			}
		},
		{
			"name": "cube2",
			"from": [8.35, 6.35, 8.35],
			"to": [8.65, 6.5, 8.65],
			"rotation": {"angle": 0, "axis": "y", "origin": [8.5, 4.2, 8.5]},
			"faces": {
				"north": {"uv": [0, 0, 0.3, 0.15], "rotation": 180, "texture": "#0"},
				"east": {"uv": [0, 0, 0.3, 0.15], "rotation": 180, "texture": "#0"},
				"south": {"uv": [0, 0, 0.3, 0.15], "rotation": 180, "texture": "#0"},
				"west": {"uv": [0, 0, 0.3, 0.15], "rotation": 180, "texture": "#0"},
				"up": {"uv": [0, 0, 0.3, 0.3], "texture": "#0"},
				"down": {"uv": [0, 0, 0.3, 0.3], "texture": "#0"}
			}
		},
		{
			"name": "cube3",
			"from": [8.37, 6.45, 8.37],
			"to": [8.63, 6.6, 8.63],
			"rotation": {"angle": 0, "axis": "y", "origin": [8.5, 4.2, 8.5]},
			"faces": {
				"north": {"uv": [0, 0, 0.26, 0.15], "rotation": 180, "texture": "#0"},
				"east": {"uv": [0, 0, 0.26, 0.15], "rotation": 180, "texture": "#0"},
				"south": {"uv": [0, 0, 0.26, 0.15], "rotation": 180, "texture": "#0"},
				"west": {"uv": [0, 0, 0.26, 0.15], "rotation": 180, "texture": "#0"},
				"up": {"uv": [0, 0, 0.26, 0.26], "texture": "#0"},
				"down": {"uv": [0, 0, 0.26, 0.26], "texture": "#0"}
			}
		},
		{
			"name": "cube4",
			"from": [8.39, 6.55, 8.39],
			"to": [8.61, 6.7, 8.61],
			"rotation": {"angle": 0, "axis": "y", "origin": [8.5, 4.2, 8.5]},
			"faces": {
				"north": {"uv": [0, 0, 0.22, 0.15], "rotation": 180, "texture": "#0"},
				"east": {"uv": [0, 0, 0.22, 0.15], "rotation": 180, "texture": "#0"},
				"south": {"uv": [0, 0, 0.22, 0.15], "rotation": 180, "texture": "#0"},
				"west": {"uv": [0, 0, 0.22, 0.15], "rotation": 180, "texture": "#0"},
				"up": {"uv": [0, 0, 0.22, 0.22], "texture": "#0"},
				"down": {"uv": [0, 0, 0.22, 0.22], "texture": "#0"}
			}
		},
		{
			"name": "cube5",
			"from": [8.41, 6.65, 8.41],
			"to": [8.59, 6.8, 8.59],
			"rotation": {"angle": 0, "axis": "y", "origin": [8.5, 4.2, 8.5]},
			"faces": {
				"north": {"uv": [0, 0, 0.18, 0.15], "rotation": 180, "texture": "#0"},
				"east": {"uv": [0, 0, 0.18, 0.15], "rotation": 180, "texture": "#0"},
				"south": {"uv": [0, 0, 0.18, 0.15], "rotation": 180, "texture": "#0"},
				"west": {"uv": [0, 0, 0.18, 0.15], "rotation": 180, "texture": "#0"},
				"up": {"uv": [0, 0, 0.18, 0.18], "texture": "#0"},
				"down": {"uv": [0, 0, 0.18, 0.18], "texture": "#0"}
			}
		},
		{
			"name": "cube6",
			"from": [8.43, 6.75, 8.43],
			"to": [8.55, 6.9, 8.55],
			"rotation": {"angle": 0, "axis": "y", "origin": [8.5, 4.2, 8.5]},
			"faces": {
				"north": {"uv": [0, 0, 0.12, 0.15], "rotation": 180, "texture": "#0"},
				"east": {"uv": [0, 0, 0.12, 0.15], "rotation": 180, "texture": "#0"},
				"south": {"uv": [0, 0, 0.12, 0.15], "rotation": 180, "texture": "#0"},
				"west": {"uv": [0, 0, 0.12, 0.15], "rotation": 180, "texture": "#0"},
				"up": {"uv": [0, 0, 0.12, 0.12], "texture": "#0"},
				"down": {"uv": [0, 0, 0.12, 0.12], "texture": "#0"}
			}
		},
		{
			"name": "cube7",
			"from": [8.45, 6.85, 8.45],
			"to": [8.53, 7, 8.53],
			"rotation": {"angle": 0, "axis": "y", "origin": [8.5, 4.2, 8.5]},
			"faces": {
				"north": {"uv": [0, 0, 0.08, 0.15], "rotation": 180, "texture": "#0"},
				"east": {"uv": [0, 0, 0.08, 0.15], "rotation": 180, "texture": "#0"},
				"south": {"uv": [0, 0, 0.08, 0.15], "rotation": 180, "texture": "#0"},
				"west": {"uv": [0, 0, 0.08, 0.15], "rotation": 180, "texture": "#0"},
				"up": {"uv": [0, 0, 0.08, 0.08], "texture": "#0"},
				"down": {"uv": [0, 0, 0.08, 0.08], "texture": "#0"}
			}
		},
		{
			"from": [8.11, 5.15, 8.11],
			"to": [8.89, 5.3, 8.89],
			"rotation": {"angle": 0, "axis": "y", "origin": [8.5, 4.2, 8.5]},
			"faces": {
				"north": {"uv": [0, 0, 0.78, 0.15], "rotation": 180, "texture": "#0"},
				"east": {"uv": [0, 0, 0.78, 0.15], "rotation": 180, "texture": "#0"},
				"south": {"uv": [0, 0, 0.78, 0.15], "rotation": 180, "texture": "#0"},
				"west": {"uv": [0, 0, 0.78, 0.15], "rotation": 180, "texture": "#0"},
				"up": {"uv": [0, 0, 0.78, 0.78], "texture": "#0"},
				"down": {"uv": [0, 0, 0.78, 0.78], "texture": "#0"}
			}
		},
		{
			"from": [8, 0.2, 8],
			"to": [9, 0.25, 9],
			"rotation": {"angle": 0, "axis": "y", "origin": [8.5, 0.2, 8.5]},
			"faces": {
				"north": {"uv": [0, 0, 1, 0.05], "texture": "#0"},
				"east": {"uv": [0, 0, 1, 0.05], "texture": "#0"},
				"south": {"uv": [0, 0, 1, 0.05], "texture": "#0"},
				"west": {"uv": [0, 0, 1, 0.05], "texture": "#0"},
				"up": {"uv": [0, 0, 1, 1], "texture": "#0"},
				"down": {"uv": [0, 0, 1, 1], "texture": "#0"}
			}
		},
		{
			"from": [8.025, 4.25, 8.025],
			"to": [8.975, 4.45, 8.975],
			"rotation": {"angle": 0, "axis": "y", "origin": [8.5, 4.2, 8.5]},
			"faces": {
				"north": {"uv": [0, 0, 0.95, 0.2], "rotation": 180, "texture": "#0"},
				"east": {"uv": [0, 0, 0.95, 0.2], "rotation": 180, "texture": "#0"},
				"south": {"uv": [0, 0, 0.95, 0.2], "rotation": 180, "texture": "#0"},
				"west": {"uv": [0, 0, 0.95, 0.2], "rotation": 180, "texture": "#0"},
				"up": {"uv": [0, 0, 0.95, 0.95], "texture": "#0"},
				"down": {"uv": [0, 0, 0.95, 0.95], "texture": "#0"}
			}
		},
		{
			"from": [7.975, 0.25, 7.975],
			"to": [9.025, 4.25, 9.025],
			"rotation": {"angle": 0, "axis": "y", "origin": [8.5, 0.2, 8.5]},
			"faces": {
				"north": {"uv": [0, 0, 1.05, 4], "texture": "#0"},
				"east": {"uv": [0, 0, 1.05, 4], "texture": "#0"},
				"south": {"uv": [0, 0, 1.05, 4], "texture": "#0"},
				"west": {"uv": [0, 0, 1.05, 4], "texture": "#0"},
				"up": {"uv": [0, 0, 1.05, 1.05], "texture": "#0"},
				"down": {"uv": [0, 0, 1.05, 1.05], "texture": "#0"}
			}
		}
	],
	"display": {
		"thirdperson_righthand": {
			"translation": [0, 3.75, 0],
			"scale": [0.5, 0.5, 0.5]
		},
		"thirdperson_lefthand": {
			"translation": [0, 3.75, 0],
			"scale": [0.5, 0.5, 0.5]
		},
		"firstperson_righthand": {
			"translation": [0, 3.75, 0],
			"scale": [0.5, 0.5, 0.5]
		},
		"firstperson_lefthand": {
			"translation": [0, 3.75, 0],
			"scale": [0.5, 0.5, 0.5]
		},
		"ground": {
			"translation": [0, 2.75, 0]
		},
		"gui": {
			"translation": [-0.5, 9.25, -1.25],
			"scale": [2, 2, 2]
		},
		"fixed": {
			"translation": [0, 9.75, -1.25],
			"scale": [2, 2, 2]
		}
	}
}