{
	"credit": "Made with Blockbench",
	"textures": {
		"0": "items/rgbsheet1",
		"particle": "items/rgbsheet1"
	},
	"elements": [
		{
			"from": [4.75, 5, 4.0625],
			"to": [7.6875, 5.5, 4.9375],
			"faces": {
				"north": {"uv": [6, 15, 7, 16], "texture": "#0"},
				"east": {"uv": [6, 15, 7, 16], "texture": "#0"},
				"south": {"uv": [6, 15, 7, 16], "texture": "#0"},
				"west": {"uv": [6, 15, 7, 16], "texture": "#0"},
				"up": {"uv": [6, 15, 7, 16], "texture": "#0"},
				"down": {"uv": [6, 15, 7, 16], "texture": "#0"}
			}
		},
		{
			"from": [4.75, 5.4375, 4.1875],
			"to": [7.6875, 5.6875, 4.8125],
			"faces": {
				"north": {"uv": [6, 15, 7, 16], "texture": "#0"},
				"east": {"uv": [6, 15, 7, 16], "texture": "#0"},
				"south": {"uv": [6, 15, 7, 16], "texture": "#0"},
				"west": {"uv": [6, 15, 7, 16], "texture": "#0"},
				"up": {"uv": [6, 15, 7, 16], "texture": "#0"},
				"down": {"uv": [6, 15, 7, 16], "texture": "#0"}
			}
		},
		{
			"from": [4.8125, 4.6875, 4.125],
			"to": [6.4375, 5, 4.875],
			"faces": {
				"north": {"uv": [6, 15, 7, 16], "texture": "#0"},
				"east": {"uv": [6, 15, 7, 16], "texture": "#0"},
				"south": {"uv": [6, 15, 7, 16], "texture": "#0"},
				"west": {"uv": [6, 15, 7, 16], "texture": "#0"},
				"up": {"uv": [6, 15, 7, 16], "texture": "#0"},
				"down": {"uv": [6, 15, 7, 16], "texture": "#0"}
			}
		},
		{
			"from": [6.375, 4.5625, 4.125],
			"to": [7.5, 5, 4.875],
			"faces": {
				"north": {"uv": [6, 15, 7, 16], "texture": "#0"},
				"east": {"uv": [6, 15, 7, 16], "texture": "#0"},
				"south": {"uv": [6, 15, 7, 16], "texture": "#0"},
				"west": {"uv": [6, 15, 7, 16], "texture": "#0"},
				"up": {"uv": [6, 15, 7, 16], "texture": "#0"},
				"down": {"uv": [6, 15, 7, 16], "texture": "#0"}
			}
		},
		{
			"from": [6.75, 3.125, 4.25],
			"to": [7.5, 4.625, 4.75],
			"rotation": {"angle": 22.5, "axis": "z", "origin": [6.75, 4.625, 4.25]},
			"faces": {
				"north": {"uv": [6, 15, 7, 16], "texture": "#0"},
				"east": {"uv": [6, 15, 7, 16], "texture": "#0"},
				"south": {"uv": [6, 15, 7, 16], "texture": "#0"},
				"west": {"uv": [6, 15, 7, 16], "texture": "#0"},
				"up": {"uv": [6, 15, 7, 16], "texture": "#0"},
				"down": {"uv": [6, 15, 7, 16], "texture": "#0"}
			}
		},
		{
			"from": [7.4375, 4.8125, 4.125],
			"to": [8, 5.3125, 4.875],
			"rotation": {"angle": -45, "axis": "z", "origin": [7.4375, 5.3125, 4.125]},
			"faces": {
				"north": {"uv": [6, 15, 7, 16], "texture": "#0"},
				"east": {"uv": [6, 15, 7, 16], "texture": "#0"},
				"south": {"uv": [6, 15, 7, 16], "texture": "#0"},
				"west": {"uv": [6, 15, 7, 16], "texture": "#0"},
				"up": {"uv": [6, 15, 7, 16], "texture": "#0"},
				"down": {"uv": [6, 15, 7, 16], "texture": "#0"}
			}
		},
		{
			"from": [6.1875, 4.125, 4.375],
			"to": [6.9375, 4.25, 4.625],
			"faces": {
				"north": {"uv": [6, 15, 7, 16], "texture": "#0"},
				"east": {"uv": [6, 15, 7, 16], "texture": "#0"},
				"south": {"uv": [6, 15, 7, 16], "texture": "#0"},
				"west": {"uv": [6, 15, 7, 16], "texture": "#0"},
				"up": {"uv": [6, 15, 7, 16], "texture": "#0"},
				"down": {"uv": [6, 15, 7, 16], "texture": "#0"}
			}
		},
		{
			"from": [6.1875, 4.25, 4.375],
			"to": [6.3125, 4.75, 4.625],
			"faces": {
				"north": {"uv": [6, 15, 7, 16], "texture": "#0"},
				"east": {"uv": [6, 15, 7, 16], "texture": "#0"},
				"south": {"uv": [6, 15, 7, 16], "texture": "#0"},
				"west": {"uv": [6, 15, 7, 16], "texture": "#0"},
				"up": {"uv": [6, 15, 7, 16], "texture": "#0"},
				"down": {"uv": [6, 15, 7, 16], "texture": "#0"}
			}
		},
		{
			"from": [7.4375, 4.9375, 4.1875],
			"to": [7.6875, 5.4375, 4.8125],
			"rotation": {"angle": 22.5, "axis": "z", "origin": [7.4375, 5.4375, 4.1875]},
			"faces": {
				"north": {"uv": [6, 15, 7, 16], "texture": "#0"},
				"east": {"uv": [6, 15, 7, 16], "texture": "#0"},
				"south": {"uv": [6, 15, 7, 16], "texture": "#0"},
				"west": {"uv": [6, 15, 7, 16], "texture": "#0"},
				"up": {"uv": [6, 15, 7, 16], "texture": "#0"},
				"down": {"uv": [6, 15, 7, 16], "texture": "#0"}
			}
		},
		{
			"from": [7.3125, 4.9375, 4.125],
			"to": [7.875, 5.125, 4.875],
			"faces": {
				"north": {"uv": [6, 15, 7, 16], "texture": "#0"},
				"east": {"uv": [6, 15, 7, 16], "texture": "#0"},
				"south": {"uv": [6, 15, 7, 16], "texture": "#0"},
				"west": {"uv": [6, 15, 7, 16], "texture": "#0"},
				"up": {"uv": [6, 15, 7, 16], "texture": "#0"},
				"down": {"uv": [6, 15, 7, 16], "texture": "#0"}
			}
		},
		{
			"from": [1.75, 5.175, 4.275],
			"to": [4.75, 5.375, 4.735],
			"rotation": {"angle": 0, "axis": "x", "origin": [3.25, 5.275, 4.5]},
			"faces": {
				"north": {"uv": [7, 15, 8, 16], "texture": "#0"},
				"east": {"uv": [7, 15, 8, 16], "rotation": 270, "texture": "#0"},
				"south": {"uv": [7, 15, 8, 16], "rotation": 180, "texture": "#0"},
				"west": {"uv": [7, 15, 8, 16], "rotation": 90, "texture": "#0"},
				"up": {"uv": [7, 15, 8, 16], "rotation": 180, "texture": "#0"},
				"down": {"uv": [7, 15, 8, 16], "texture": "#0"}
			}
		},
		{
			"from": [1.75, 5.05, 4.4],
			"to": [4.75, 5.5, 4.6],
			"rotation": {"angle": -45, "axis": "x", "origin": [3.25, 5.275, 4.5]},
			"faces": {
				"north": {"uv": [7, 15, 8, 16], "rotation": 180, "texture": "#0"},
				"east": {"uv": [7, 15, 8, 16], "rotation": 180, "texture": "#0"},
				"south": {"uv": [7, 15, 8, 16], "rotation": 180, "texture": "#0"},
				"west": {"uv": [7, 15, 8, 16], "rotation": 180, "texture": "#0"},
				"up": {"uv": [7, 15, 8, 16], "rotation": 180, "texture": "#0"},
				"down": {"uv": [7, 15, 8, 16], "rotation": 180, "texture": "#0"}
			}
		},
		{
			"from": [1.75, 5.05, 4.4],
			"to": [4.75, 5.5, 4.6],
			"rotation": {"angle": 45, "axis": "x", "origin": [3.25, 5.275, 4.5]},
			"faces": {
				"north": {"uv": [7, 15, 8, 16], "rotation": 180, "texture": "#0"},
				"east": {"uv": [7, 15, 8, 16], "rotation": 180, "texture": "#0"},
				"south": {"uv": [7, 15, 8, 16], "rotation": 180, "texture": "#0"},
				"west": {"uv": [7, 15, 8, 16], "rotation": 180, "texture": "#0"},
				"up": {"uv": [7, 15, 8, 16], "rotation": 180, "texture": "#0"},
				"down": {"uv": [7, 15, 8, 16], "rotation": 180, "texture": "#0"}
			}
		},
		{
			"from": [1.75, 5.05, 4.4],
			"to": [4.75, 5.5, 4.6],
			"rotation": {"angle": 0, "axis": "x", "origin": [3.25, 5.275, 4.5]},
			"faces": {
				"north": {"uv": [7, 15, 8, 16], "rotation": 180, "texture": "#0"},
				"east": {"uv": [7, 15, 8, 16], "rotation": 180, "texture": "#0"},
				"south": {"uv": [7, 15, 8, 16], "rotation": 180, "texture": "#0"},
				"west": {"uv": [7, 15, 8, 16], "rotation": 180, "texture": "#0"},
				"up": {"uv": [7, 15, 8, 16], "rotation": 180, "texture": "#0"},
				"down": {"uv": [7, 15, 8, 16], "rotation": 180, "texture": "#0"}
			}
		}
	],
	"display": {
		"thirdperson_righthand": {
			"rotation": [-84, -86, -95],
			"translation": [-6.43, 6.8, 4.72],
			"scale": [2.39, 2.04, 1.86]
		},
		"thirdperson_lefthand": {
			"rotation": [-84, -86, -95],
			"translation": [-6.43, 6.8, 4.72],
			"scale": [-2.39, 2.04, 1.86]
		},
		"firstperson_righthand": {
			"rotation": [0, -92, 0],
			"translation": [-9.64, 10.722, 3.4],
			"scale": [3.15, 2.61, 2.74]
		},
		"firstperson_lefthand": {
			"rotation": [0, -92, 0],
			"translation": [-9.64, 10.722, 3.4],
			"scale": [-3.15, 2.61, 2.74]
		},
		"ground": {
			"rotation": [11, -33, -34],
			"translation": [7.94, 6.24, 8.31],
			"scale": [2, 2, 2]
		},
		"gui": {
			"rotation": [0, 130, 0],
			"translation": [4.72, 9.8296, 0],
			"scale": [3, 3, 3]
		},
		"head": {
			"rotation": [0, 0, 59],
			"translation": [-4.173, -13.91, 12.52],
			"scale": [2.5, 2.5, 2.5]
		},
		"fixed": {
			"rotation": [-3, -1, -45],
			"translation": [9.26, 2.65, 8.5],
			"scale": [2.5, 2.24, 2.5]
		}
	}
}