{
	"credit": "Made with Blockbench",
	"textures": {
		"0": "texture6 (1)",
		"1": "texture6",
		"particle": "texture6 (1)"
	},
	"elements": [
		{
			"from": [7, 0, 8],
			"to": [8, 0.1, 9],
			"faces": {
				"north": {"uv": [0, 0, 1, 0.1], "texture": "#1"},
				"east": {"uv": [0, 0, 1, 0.1], "texture": "#1"},
				"south": {"uv": [0, 0, 1, 0.1], "texture": "#1"},
				"west": {"uv": [0, 0, 1, 0.1], "texture": "#1"},
				"up": {"uv": [0, 0, 1, 1], "texture": "#1"},
				"down": {"uv": [0, 0, 1, 1], "texture": "#1"}
			}
		},
		{
			"from": [7, 2.25, 8],
			"to": [8, 2.425, 9],
			"rotation": {"angle": 0, "axis": "y", "origin": [8, 10.25, 8]},
			"faces": {
				"north": {"uv": [0, 0, 1, 0.175], "texture": "#1"},
				"east": {"uv": [0, 0, 1, 0.175], "texture": "#1"},
				"south": {"uv": [0, 0, 1, 0.175], "texture": "#1"},
				"west": {"uv": [0, 0, 1, 0.175], "texture": "#1"},
				"up": {"uv": [0, 0, 1, 1], "texture": "#1"},
				"down": {"uv": [0, 0, 1, 1], "texture": "#1"}
			}
		},
		{
			"from": [7, 0.2, 8],
			"to": [8, 0.3, 9],
			"faces": {
				"north": {"uv": [0, 0, 1, 0.1], "texture": "#1"},
				"east": {"uv": [0, 0, 1, 0.1], "texture": "#1"},
				"south": {"uv": [0, 0, 1, 0.1], "texture": "#1"},
				"west": {"uv": [0, 0, 1, 0.1], "texture": "#1"},
				"up": {"uv": [0, 0, 1, 1], "texture": "#1"},
				"down": {"uv": [0, 0, 1, 1], "texture": "#1"}
			}
		},
		{
			"from": [7.05, 0, 8.05],
			"to": [7.95, 0.2, 8.95],
			"faces": {
				"north": {"uv": [0, 0, 0.9, 0.2], "texture": "#1"},
				"east": {"uv": [0, 0, 0.9, 0.2], "texture": "#1"},
				"south": {"uv": [0, 0, 0.9, 0.2], "texture": "#1"},
				"west": {"uv": [0, 0, 0.9, 0.2], "texture": "#1"},
				"up": {"uv": [0, 0, 0.9, 0.9], "texture": "#1"},
				"down": {"uv": [0, 0, 0.9, 0.9], "texture": "#1"}
			}
		},
		{
			"from": [7.05, 2.25, 8.05],
			"to": [7.95, 2.6, 8.95],
			"rotation": {"angle": 0, "axis": "y", "origin": [8, 10.25, 8]},
			"faces": {
				"north": {"uv": [0, 0, 0.9, 0.35], "texture": "#1"},
				"east": {"uv": [0, 0, 0.9, 0.35], "texture": "#1"},
				"south": {"uv": [0, 0, 0.9, 0.35], "texture": "#1"},
				"west": {"uv": [0, 0, 0.9, 0.35], "texture": "#1"},
				"up": {"uv": [0, 0, 0.9, 0.9], "texture": "#1"},
				"down": {"uv": [0, 0, 0.9, 0.9], "texture": "#1"}
			}
		},
		{
			"from": [7.125, 2.25, 8.125],
			"to": [7.875, 2.75, 8.875],
			"rotation": {"angle": 0, "axis": "y", "origin": [8, 10.25, 8]},
			"faces": {
				"north": {"uv": [0, 0, 0.75, 0.5], "texture": "#1"},
				"east": {"uv": [0, 0, 0.75, 0.5], "texture": "#1"},
				"south": {"uv": [0, 0, 0.75, 0.5], "texture": "#1"},
				"west": {"uv": [0, 0, 0.75, 0.5], "texture": "#1"},
				"up": {"uv": [0, 0, 0.75, 0.75], "texture": "#1"},
				"down": {"uv": [0, 0, 0.75, 0.75], "texture": "#1"}
			}
		},
		{
			"from": [6.9, 0.25, 8],
			"to": [7.15, 2.25, 9],
			"faces": {
				"north": {"uv": [0, 0, 0.25, 2], "texture": "#0"},
				"east": {"uv": [0, 0, 1, 2], "texture": "#0"},
				"south": {"uv": [0, 0, 0.25, 2], "texture": "#0"},
				"west": {"uv": [0, 0, 1, 2], "texture": "#0"},
				"up": {"uv": [0, 0, 0.25, 1], "texture": "#0"},
				"down": {"uv": [0, 0, 0.25, 1], "texture": "#0"}
			}
		},
		{
			"from": [7, 0.25, 7.9],
			"to": [8, 2.25, 8.15],
			"faces": {
				"north": {"uv": [0, 0, 1, 2], "texture": "#0"},
				"east": {"uv": [0, 0, 0.25, 2], "texture": "#0"},
				"south": {"uv": [0, 0, 1, 2], "texture": "#0"},
				"west": {"uv": [0, 0, 0.25, 2], "texture": "#0"},
				"up": {"uv": [0, 0, 0.25, 1], "rotation": 90, "texture": "#0"},
				"down": {"uv": [0, 0, 0.25, 1], "rotation": 270, "texture": "#0"}
			}
		},
		{
			"from": [7.85, 0.25, 8],
			"to": [8.1, 2.25, 9],
			"faces": {
				"north": {"uv": [0, 0, 0.25, 2], "texture": "#0"},
				"east": {"uv": [0, 0, 1, 2], "texture": "#0"},
				"south": {"uv": [0, 0, 0.25, 2], "texture": "#0"},
				"west": {"uv": [0, 0, 1, 2], "texture": "#0"},
				"up": {"uv": [0, 0, 0.25, 1], "rotation": 180, "texture": "#0"},
				"down": {"uv": [0, 0, 0.25, 1], "rotation": 180, "texture": "#0"}
			}
		},
		{
			"from": [7, 0.25, 8.85],
			"to": [8, 2.25, 9.1],
			"faces": {
				"north": {"uv": [0, 0, 1, 2], "texture": "#0"},
				"east": {"uv": [0, 0, 0.25, 2], "texture": "#0"},
				"south": {"uv": [0, 0, 1, 2], "texture": "#0"},
				"west": {"uv": [0, 0, 0.25, 2], "texture": "#0"},
				"up": {"uv": [0, 0, 0.25, 1], "rotation": 270, "texture": "#0"},
				"down": {"uv": [0, 0, 0.25, 1], "rotation": 90, "texture": "#0"}
			}
		}
	],
	"display": {
		"thirdperson_righthand": {
			"translation": [0, 8, 0]
		},
		"thirdperson_lefthand": {
			"translation": [0, 8, 0]
		},
		"firstperson_righthand": {
			"translation": [0, 8, 0]
		},
		"firstperson_lefthand": {
			"translation": [0, 8, 0]
		},
		"ground": {
			"translation": [0, 8, 0]
		},
		"gui": {
			"translation": [2.25, 26.25, -1],
			"scale": [4, 4, 4]
		},
		"fixed": {
			"translation": [2.25, 26.25, -1],
			"scale": [4, 4, 4]
		}
	}
}