{
	"credit": "Made with Blockbench",
	"textures": {
		"0": "texture6 (2)",
		"1": "texture6 (3)",
		"particle": "texture6 (3)"
	},
	"elements": [
		{
			"from": [7.9, 0, 8],
			"to": [8, 0.1, 9],
			"faces": {
				"north": {"uv": [0, 0, 0.1, 0.1], "texture": "#1"},
				"east": {"uv": [0, 0, 1, 0.1], "texture": "#1"},
				"south": {"uv": [0, 0, 0.1, 0.1], "texture": "#1"},
				"west": {"uv": [0, 0, 1, 0.1], "texture": "#1"},
				"up": {"uv": [0, 0, 0.1, 1], "texture": "#1"},
				"down": {"uv": [0, 0, 0.1, 1], "texture": "#1"}
			}
		},
		{
			"from": [9, 0, 8],
			"to": [9.1, 0.1, 9],
			"faces": {
				"north": {"uv": [0, 0, 0.1, 0.1], "texture": "#1"},
				"east": {"uv": [0, 0, 1, 0.1], "texture": "#1"},
				"south": {"uv": [0, 0, 0.1, 0.1], "texture": "#1"},
				"west": {"uv": [0, 0, 1, 0.1], "texture": "#1"},
				"up": {"uv": [0, 0, 0.1, 1], "texture": "#1"},
				"down": {"uv": [0, 0, 0.1, 1], "texture": "#1"}
			}
		},
		{
			"from": [8, 0, 7.9],
			"to": [9, 0.1, 8],
			"faces": {
				"north": {"uv": [0, 0, 1, 0.1], "texture": "#1"},
				"east": {"uv": [0, 0, 0.1, 0.1], "texture": "#1"},
				"south": {"uv": [0, 0, 1, 0.1], "texture": "#1"},
				"west": {"uv": [0, 0, 0.1, 0.1], "texture": "#1"},
				"up": {"uv": [0, 0, 0.1, 1], "rotation": 270, "texture": "#1"},
				"down": {"uv": [0, 0, 0.1, 1], "rotation": 90, "texture": "#1"}
			}
		},
		{
			"from": [8, 0, 9],
			"to": [9, 0.1, 9.1],
			"faces": {
				"north": {"uv": [0, 0, 1, 0.1], "texture": "#1"},
				"east": {"uv": [0, 0, 0.1, 0.1], "texture": "#1"},
				"south": {"uv": [0, 0, 1, 0.1], "texture": "#1"},
				"west": {"uv": [0, 0, 0.1, 0.1], "texture": "#1"},
				"up": {"uv": [0, 0, 0.1, 1], "rotation": 270, "texture": "#1"},
				"down": {"uv": [0, 0, 0.1, 1], "rotation": 90, "texture": "#1"}
			}
		},
		{
			"from": [8, 0, 8],
			"to": [9, 0.4, 9],
			"faces": {
				"north": {"uv": [0, 0, 1, 0.4], "texture": "#1"},
				"east": {"uv": [0, 0, 1, 0.4], "texture": "#1"},
				"south": {"uv": [0, 0, 1, 0.4], "texture": "#1"},
				"west": {"uv": [0, 0, 1, 0.4], "texture": "#1"},
				"up": {"uv": [0, 0, 1, 1], "texture": "#1"},
				"down": {"uv": [0, 0, 1, 1], "texture": "#1"}
			}
		},
		{
			"from": [8.025, 0, 8.025],
			"to": [8.975, 0.45, 8.975],
			"faces": {
				"north": {"uv": [0, 0, 0.95, 0.45], "texture": "#1"},
				"east": {"uv": [0, 0, 0.95, 0.45], "texture": "#1"},
				"south": {"uv": [0, 0, 0.95, 0.45], "texture": "#1"},
				"west": {"uv": [0, 0, 0.95, 0.45], "texture": "#1"},
				"up": {"uv": [0, 0, 0.95, 0.95], "texture": "#1"},
				"down": {"uv": [0, 0, 0.95, 0.95], "texture": "#1"}
			}
		},
		{
			"from": [8.05, 0.1, 8.05],
			"to": [8.95, 2.6, 8.95],
			"faces": {
				"north": {"uv": [0, 0, 0.9, 2.5], "texture": "#0"},
				"east": {"uv": [0, 0, 0.9, 2.5], "texture": "#0"},
				"south": {"uv": [0, 0, 0.9, 2.5], "texture": "#0"},
				"west": {"uv": [0, 0, 0.9, 2.5], "texture": "#0"},
				"up": {"uv": [0, 0, 0.9, 0.9], "texture": "#0"},
				"down": {"uv": [0, 0, 0.9, 0.9], "texture": "#0"}
			}
		}
	],
	"display": {
		"thirdperson_righthand": {
			"translation": [0, 7.75, 0]
		},
		"thirdperson_lefthand": {
			"translation": [0, 7.75, 0]
		},
		"firstperson_righthand": {
			"translation": [0, 7.75, 0]
		},
		"firstperson_lefthand": {
			"translation": [0, 7.75, 0]
		},
		"ground": {
			"translation": [0, 7.75, 0]
		},
		"gui": {
			"translation": [-2, 26.5, -2.75],
			"scale": [4, 4, 4]
		},
		"fixed": {
			"translation": [-2, 26.5, -2.75],
			"scale": [4, 4, 4]
		}
	}
}