{
    "reloadak-47": {
        "replace": false,
        "sounds": [
            "reloadak-47"
        ]
    },
    "shootak-47": {
        "replace": false,
        "sounds": [
            "shootak-47"
        ]
    },
    "shootaug": {
        "replace": false,
        "sounds": [
            "shootaug"
        ]
    },
    "shootawp": {
        "replace": false,
        "sounds": [
            "shootawp"
        ]
    },
    "shootawareness": {
        "replace": false,
        "sounds": [
            "shootawareness"
        ]
    },
    "shootbizon": {
        "replace": false,
        "sounds": [
            "shootbizon"
        ]
    },
    "shootcz75": {
        "replace": false,
        "sounds": [
            "shootcz75"
        ]
    },
    "shootdeagle": {
        "replace": false,
        "sounds": [
            "shootdeagle"
        ]
    },
    "shootdualies": {
        "replace": false,
        "sounds": [
            "shootdualies"
        ]
    },
    "shootfamas": {
        "replace": false,
        "sounds": [
            "shootfamas"
        ]
    },
    "shootfire": {
        "replace": false,
        "sounds": [
            "shootfire"
        ]
    },
    "shootfiveseven": {
        "replace": false,
        "sounds": [
            "shootfiveseven"
        ]
    },
    "shootflashbang": {
        "replace": false,
        "sounds": [
            "shootflashbang"
        ]
    },
    "shootg3sg1": {
        "replace": false,
        "sounds": [
            "shootg3sg1"
        ]
    },
    "shootgalil": {
        "replace": false,
        "sounds": [
            "shootgalil"
        ]
    },
    "shootglock": {
        "replace": false,
        "sounds": [
            "shootglock"
        ]
    },
    "shoothe": {
        "replace": false,
        "sounds": [
            "shoothe"
        ]
    },
    "shootm4a4": {
        "replace": false,
        "sounds": [
            "shootm4a4"
        ]
    },
    "shootm4a1s": {
        "replace": false,
        "sounds": [
            "shootm4a1s"
        ]
    },
    "shootm249": {
        "replace": false,
        "sounds": [
            "shootm249"
        ]
    },
    "shootmac10": {
        "replace": false,
        "sounds": [
            "shootmac10"
        ]
    },
    "shootmag7": {
        "replace": false,
        "sounds": [
            "shootmag7"
        ]
    },
    "shootmp7": {
        "replace": false,
        "sounds": [
            "shootmp7"
        ]
    },
    "shootmp9": {
        "replace": false,
        "sounds": [
            "shootmp9"
        ]
    },
    "shootnegev": {
        "replace": false,
        "sounds": [
            "shootnegev"
        ]
    },
    "shootnova": {
        "replace": false,
        "sounds": [
            "shootnova"
        ]
    },
    "shootp90": {
        "replace": false,
        "sounds": [
            "shootp90"
        ]
    },
    "shootp250": {
        "replace": false,
        "sounds": [
            "shootp250"
        ]
    },
    "shootp2000": {
        "replace": false,
        "sounds": [
            "shootp2000"
        ]
    },
    "shootr8": {
        "replace": false,
        "sounds": [
            "shootr8"
        ]
    },
    "shootsawedoff": {
        "replace": false,
        "sounds": [
            "shootsawedoff"
        ]
    },
    "shootscar20": {
        "replace": false,
        "sounds": [
            "shootscar20"
        ]
    },
    "shootsg553": {
        "replace": false,
        "sounds": [
            "shootsg553"
        ]
    },
    "shootsmoke": {
        "replace": false,
        "sounds": [
            "shootsmoke"
        ]
    },
    "shootssg08": {
        "replace": false,
        "sounds": [
            "shootssg08"
        ]
    },
    "shoottaser": {
        "replace": false,
        "sounds": [
            "shoottaser"
        ]
    },
    "shoottec9": {
        "replace": false,
        "sounds": [
            "shoottec9"
        ]
    },
    "shootump45": {
        "replace": false,
        "sounds": [
            "shootump45"
        ]
    },
    "shootusps": {
        "replace": false,
        "sounds": [
            "shootusps"
        ]
    },
    "reloadnova1": {
        "replace": false,
        "sounds": [
            "reloadnova1"
        ]
    },
    "reloadsawedoff1": {
        "replace": false,
        "sounds": [
            "reloadsawedoff1"
        ]
    },
    "reloadxm10141": {
        "replace": false,
        "sounds": [
            "reloadxm10141"
        ]
    },
    "reloadawp": {
        "replace": false,
        "sounds": [
            "reloadawp"
        ]
    },
    "reloadcz75": {
        "replace": false,
        "sounds": [
            "reloadcz75"
        ]
    },
    "reloaddeagle": {
        "replace": false,
        "sounds": [
            "reloaddeagle"
        ]
    },
    "reloaddualies": {
        "replace": false,
        "sounds": [
            "reloaddualies"
        ]
    },
    "reloadfamas": {
        "replace": false,
        "sounds": [
            "reloadfamas"
        ]
    },
    "reloadfiveseven": {
        "replace": false,
        "sounds": [
            "reloadfiveseven"
        ]
    },
    "reloadg3sg1": {
        "replace": false,
        "sounds": [
            "reloadg3sg1"
        ]
    },
    "reloadgalil": {
        "replace": false,
        "sounds": [
            "reloadgalil"
        ]
    },
    "reloadglock": {
        "replace": false,
        "sounds": [
            "reloadglock"
        ]
    },
    "reloadm4a1": {
        "replace": false,
        "sounds": [
            "reloadm4a1"
        ]
    },
    "reloadm4a4": {
        "replace": false,
        "sounds": [
            "reloadm4a4"
        ]
    },
    "reloadm249": {
        "replace": false,
        "sounds": [
            "reloadm249"
        ]
    },
    "reloadmag7": {
        "replace": false,
        "sounds": [
            "reloadmag7"
        ]
    },
    "reloadnegev": {
        "replace": false,
        "sounds": [
            "reloadnegev"
        ]
    },
    "reloadp250": {
        "replace": false,
        "sounds": [
            "reloadp250"
        ]
    },
    "reloadp2000": {
        "replace": false,
        "sounds": [
            "reloadp2000"
        ]
    },
    "reloadrevolver": {
        "replace": false,
        "sounds": [
            "reloadrevolver"
        ]
    },
    "reloadscar20": {
        "replace": false,
        "sounds": [
            "reloadscar20"
        ]
    },
    "reloadssg08": {
        "replace": false,
        "sounds": [
            "reloadssg08"
        ]
    },
    "reloadtec9": {
        "replace": false,
        "sounds": [
            "reloadtec9"
        ]
    },
    "reloadusp": {
        "replace": false,
        "sounds": [
            "reloadusp"
        ]
    },
    "reloadaug": {
        "replace": false,
        "sounds": [
            "reloadaug"
        ]
    },
    "reloadsg553": {
        "replace": false,
        "sounds": [
            "reloadsg553"
        ]
    },
    "shootxm1014": {
        "replace": false,
        "sounds": [
            "shootxm1014"
        ]
    }
}